date,median_R_mean,median_R_highHPD,median_R_lowHPD,replicate,Re,infections,observations,in_CI,above_1,smooth_day,exp_name
2020-02-08,2.286224482069024,3.027570361122647,1.5448786030154007,1,2.5,94,7,TRUE,TRUE,14,14
2020-02-09,2.154926516139336,2.894451655143271,1.4154013771354008,1,2.5,135,9,TRUE,TRUE,14,14
2020-02-10,2.1282450500481684,2.8462436046955473,1.4102464954007896,1,2.5,165,10,TRUE,TRUE,14,14
2020-02-11,2.1677336947325183,2.825773861290861,1.5096935281741755,1,2.5,194,69,TRUE,TRUE,14,14
2020-02-12,2.2654063922363643,2.8340063628926186,1.6968064215801102,1,2.5,248,35,TRUE,TRUE,14,14
2020-02-13,2.4327748359345582,2.9505330173183193,1.9150166545507974,1,2.5,295,68,TRUE,TRUE,14,14
2020-02-14,2.6385318566388714,3.187705244366557,2.0893584689111857,1,2.5,358,33,TRUE,TRUE,14,14
2020-02-15,2.8093354203717253,3.4148013572081863,2.2038694835352644,1,2.5,485,60,TRUE,TRUE,14,14
2020-02-16,2.926041729607076,3.5430185100213927,2.3090649491927597,1,2.5,557,55,TRUE,TRUE,14,14
2020-02-17,2.9837510869228354,3.5849387798951815,2.3825633939504893,1,2.5,647,73,TRUE,TRUE,14,14
2020-02-18,3.031888735700784,3.6019003317773226,2.461877139624246,1,2.5,866,168,TRUE,TRUE,14,14
2020-02-19,3.0002861394381335,3.5187936228853873,2.4817786559908797,1,2.5,1103,168,TRUE,TRUE,14,14
2020-02-20,2.8624572540642435,3.3122928347046505,2.4126216734238364,1,2.5,1288,225,TRUE,TRUE,14,14
2020-02-21,2.5852069574581713,2.990111224921998,2.1803026899943445,1,2.5,1594,270,TRUE,TRUE,14,14
2020-02-22,2.2755380534440315,2.6881165737826502,1.8629595331054127,1,2.435483870967742,1984,416,TRUE,TRUE,14,14
2020-02-23,1.9842966610978252,2.437065550626137,1.5315277715695133,1,2.370967741935484,2414,340,TRUE,TRUE,14,14
2020-02-24,1.8004194462842988,2.286213557401146,1.3146253351674517,1,2.306451612903226,2765,195,FALSE,TRUE,14,14
2020-02-25,1.7084351820986723,2.183901738890493,1.2329686253068517,1,2.241935483870968,3343,681,FALSE,TRUE,14,14
2020-02-26,1.7316420045889547,2.1761650237183363,1.287118985459573,1,2.1774193548387095,3943,868,FALSE,TRUE,14,14
2020-02-27,1.8103667991829406,2.2342527615643286,1.3864808368015527,1,2.1129032258064515,4541,1583,TRUE,TRUE,14,14
2020-02-28,1.9429898156084906,2.3596898641440243,1.526289767072957,1,2.0483870967741935,5476,1480,TRUE,TRUE,14,14
2020-02-29,2.0570133832889304,2.4697855603986967,1.644241206179164,1,1.9838709677419355,6050,1950,TRUE,TRUE,14,14
2020-03-01,2.153637070000727,2.5716184339053747,1.7356557060960789,1,1.9193548387096775,6878,1115,TRUE,TRUE,14,14
2020-03-02,2.1852128572932745,2.609648415110353,1.7607772994761959,1,1.8548387096774195,7866,548,TRUE,TRUE,14,14
2020-03-03,2.1798752100099086,2.6043756316943503,1.755374788325467,1,1.7903225806451613,8849,2693,TRUE,TRUE,14,14
2020-03-04,2.106606699042659,2.522094857427864,1.691118540657454,1,1.7258064516129032,9683,2931,TRUE,TRUE,14,14
2020-03-05,1.9751768375739973,2.3724528120040076,1.577900863143987,1,1.6612903225806452,10585,4151,TRUE,TRUE,14,14
2020-03-06,1.781333701501813,2.148185288564464,1.4144821144391617,1,1.596774193548387,11464,3667,TRUE,TRUE,14,14
2020-03-07,1.572048332223133,1.903562629552634,1.2405340348936318,1,1.532258064516129,12645,5268,TRUE,TRUE,14,14
2020-03-08,1.390203919460095,1.6957707620172255,1.0846370769029645,1,1.467741935483871,13252,2814,TRUE,TRUE,14,14
2020-03-09,1.2637075289609536,1.560956801797736,0.9664582561241712,1,1.403225806451613,14033,2229,TRUE,TRUE,14,14
2020-03-10,1.1950713813195808,1.4948077476264738,0.8953350150126879,1,1.338709677419355,14426,9345,TRUE,TRUE,14,14
2020-03-11,1.154014839911903,1.4450032899067629,0.8630263899170432,1,1.2741935483870968,15065,8022,TRUE,TRUE,14,14
2020-03-12,1.1141905010701905,1.3773927113321254,0.8509882908082556,1,1.2096774193548387,15301,15578,TRUE,TRUE,14,14
2020-03-13,1.0499978737400524,1.2750476573375176,0.8249480901425873,1,1.1451612903225807,15071,10999,TRUE,TRUE,14,14
2020-03-14,0.9753860117565586,1.185747328699686,0.7650246948134312,1,1.0806451612903225,14973,10943,TRUE,FALSE,14,14
2020-03-15,0.9003956289790257,1.1231302551114106,0.6776610028466408,1,1.0161290322580645,14587,4856,TRUE,FALSE,14,14
2020-03-16,0.8508805480647448,1.0940260141870848,0.6077350819424048,1,0.9516129032258065,13921,6104,TRUE,FALSE,14,14
2020-03-17,0.8231950714161594,1.0740545675192328,0.572335575313086,1,0.8870967741935485,13222,17613,TRUE,FALSE,14,14
2020-03-18,0.8239950751326175,1.0681615580517905,0.5798285922134444,1,0.8225806451612905,12052,14642,TRUE,FALSE,14,14
2020-03-19,0.834782057639802,1.0633350200707214,0.6062290952088824,1,0.7580645161290323,10900,16195,TRUE,FALSE,14,14
2020-03-20,0.8620991081224515,1.0764528561676874,0.6477453600772156,1,0.6935483870967742,9706,17006,TRUE,FALSE,14,14
2020-03-21,0.8952743278057843,1.1010992748946993,0.6894493807168692,1,0.6290322580645162,8251,11507,FALSE,FALSE,14,14
2020-03-22,0.9434913079823993,1.1557563305973788,0.7312262853674197,1,0.564516129032258,7075,11563,FALSE,FALSE,14,14
2020-03-23,0.9775620754587752,1.2108277860305532,0.7442963648869972,1,0.5,5724,5347,FALSE,FALSE,14,14
2020-03-24,0.9834449449932476,1.2348627754210448,0.7320271145654503,1,0.5,4976,12297,FALSE,FALSE,14,14
2020-03-25,0.9267219206200199,1.1724896474984368,0.6809541937416029,1,0.5,4506,20097,FALSE,FALSE,14,14
2020-03-26,0.8161440935968687,1.0341383640209512,0.5981498231727862,1,0.5,4054,14482,FALSE,FALSE,14,14
2020-03-27,0.6651775231971675,0.8479878664599212,0.4823671799344138,1,0.5,3512,10987,TRUE,FALSE,14,14
2020-03-28,0.5143904917386642,0.6721342709725167,0.35664671250481184,1,0.5,3023,10692,TRUE,FALSE,14,14
2020-03-29,0.38537189329734417,0.5381179157419907,0.23262587085269756,1,0.5,2723,6208,TRUE,FALSE,14,14
2020-03-30,0.2918817137147209,0.45172666388040317,0.1320367635490386,1,0.5,2354,5778,FALSE,FALSE,14,14
2020-03-31,0.2308282536968429,0.4014394037738884,0.060217103619797346,1,0.5,2065,16470,FALSE,FALSE,14,14
2020-04-01,0.1983816112358944,0.37776280815087676,0.01900041432091204,1,0.5,1796,17236,FALSE,FALSE,14,14
2020-04-02,0.19145347113597874,0.37518565641317264,0.007721285858784843,1,0.5095238095238095,1607,7178,FALSE,FALSE,14,14
2020-04-03,0.20904025826453798,0.3899435110972146,0.0281370054318614,1,0.5190476190476191,1455,8739,FALSE,FALSE,14,14
2020-04-04,0.2604890991688088,0.43953826076812863,0.081439937569489,1,0.5285714285714286,1343,12345,FALSE,FALSE,14,14
2020-04-05,0.3636395034772781,0.5661528880029127,0.16112611895164342,1,0.5380952380952381,1172,2632,TRUE,FALSE,14,14
2020-04-06,0.5436975747887685,0.8355560255574086,0.25183912402012837,1,0.5476190476190476,1003,1950,TRUE,FALSE,14,14
2020-04-07,0.793136003511273,1.2115551301468364,0.3747168768757096,1,0.5571428571428572,949,9433,TRUE,FALSE,14,14
2020-04-08,1.0558342994656584,1.5431260559862174,0.5685425429450993,1,0.5666666666666667,852,3797,FALSE,TRUE,14,14
2020-04-09,1.2049089380447762,1.6484524231492719,0.7613654529402804,1,0.5761904761904761,785,3457,FALSE,TRUE,14,14
2020-04-10,1.185427540836888,1.5440304389514021,0.8268246427223739,1,0.5857142857142856,696,2567,FALSE,TRUE,14,14
2020-04-11,1.0258388343333535,1.337889909655451,0.7137877590112559,1,0.5952380952380952,676,2458,FALSE,TRUE,14,14
2020-04-12,0.8290412382841249,1.1321957771848257,0.5258866993834241,1,0.6047619047619047,627,1472,TRUE,FALSE,14,14
2020-04-13,0.6536954943498656,0.9485420718482773,0.35884891685145387,1,0.6142857142857142,502,879,TRUE,FALSE,14,14
2020-04-14,0.5315649056402464,0.811263009179252,0.2518668021012408,1,0.6238095238095238,534,2454,TRUE,FALSE,14,14
2020-04-15,0.4650272851772937,0.7259770993782073,0.20407747097638007,1,0.6333333333333333,483,2912,TRUE,FALSE,14,14
2020-04-16,0.44818061245409624,0.6961035580419055,0.20025766686628693,1,0.6428571428571428,478,1912,TRUE,FALSE,14,14
2020-04-17,0.4748744195867499,0.7166941073112099,0.23305473186228998,1,0.6523809523809523,421,1650,TRUE,FALSE,14,14
2020-04-18,0.5364612689259032,0.7799092116928374,0.2930133261589689,1,0.6619047619047619,368,1698,TRUE,FALSE,14,14
2020-04-19,0.6232195133433723,0.8725017047213394,0.3739373219654053,1,0.6714285714285714,367,802,TRUE,FALSE,14,14
2020-04-20,0.7102931131883433,0.9624705037197254,0.4581157226569612,1,0.6809523809523809,335,477,TRUE,FALSE,14,14
2020-04-21,0.7722837251111647,1.0252484055193214,0.519319044703008,1,0.6904761904761905,320,941,TRUE,FALSE,14,14
2020-04-22,0.7878104733830031,1.0384101396031795,0.5372108071628267,1,0.7,291,843,TRUE,FALSE,14,14
2020-04-23,0.7575016268972238,1.0015004664330873,0.5135027873613602,1,0.7,289,707,TRUE,FALSE,14,14
2020-04-24,0.7005332038558794,0.9366931221246082,0.4643732855871505,1,0.7,247,740,TRUE,FALSE,14,14
2020-04-25,0.6415364761810036,0.8751659048986653,0.407907047463342,1,0.7,240,1136,TRUE,FALSE,14,14
2020-04-26,0.6030077067339777,0.8438360325355823,0.36217938093237323,1,0.7,256,536,TRUE,FALSE,14,14
2020-04-27,0.5859761517865308,0.8364184794965982,0.3355338240764635,1,0.7,203,177,TRUE,FALSE,14,14
2020-04-28,0.5916073340989381,0.8458619369140999,0.3373527312837762,1,0.7,234,856,TRUE,FALSE,14,14
2020-04-29,0.6132900569719735,0.8569954238679928,0.3695846900759542,1,0.7,166,498,TRUE,FALSE,14,14
2020-04-30,0.6486327331297658,0.8781285970062698,0.4191368692532618,1,0.7,154,352,TRUE,FALSE,14,14
2020-05-01,0.6880447426738421,0.9180325982751589,0.45805688707252523,1,0.7,179,399,TRUE,FALSE,14,14
2020-05-02,0.7266710068800263,0.9807454856779012,0.4725965280821514,1,0.7363636363636363,138,464,TRUE,FALSE,14,14
2020-05-03,0.7651951609925409,1.0574866188689904,0.4729037031160915,1,0.7727272727272727,159,232,TRUE,FALSE,14,14
2020-05-04,0.8094599915876037,1.1311864069078186,0.48773357626738884,1,0.8090909090909091,142,121,TRUE,FALSE,14,14
2020-05-05,0.8692289140654095,1.19389051747918,0.5445673106516389,1,0.8454545454545455,160,423,TRUE,FALSE,14,14
2020-05-06,0.9344324540857626,1.2301500553145168,0.6387148528570084,1,0.8818181818181818,129,350,TRUE,FALSE,14,14
2020-05-07,0.9964416885933617,1.249418368815608,0.7434650083711154,1,0.9181818181818182,136,238,TRUE,FALSE,14,14
2020-05-08,1.0270453491076095,1.252793958425865,0.801296739789354,1,0.9545454545454546,152,286,TRUE,TRUE,14,14
2020-05-09,1.0300231330099345,1.2623314670054222,0.7977147990144469,1,0.990909090909091,161,157,TRUE,TRUE,14,14
2020-05-10,0.9995408032392513,1.2558631545286043,0.7432184519498983,1,1.0272727272727273,145,172,TRUE,FALSE,14,14
2020-05-11,0.9612775423233353,1.242060526223684,0.6804945584229867,1,1.0636363636363637,149,108,TRUE,FALSE,14,14
2020-05-12,0.9181242169559366,1.2098940693048583,0.6263543646070149,1,1.1,144,166,TRUE,FALSE,14,14
2020-05-13,0.8929733797744489,1.1796411756480245,0.6063055839008733,1,1.1,161,140,TRUE,FALSE,14,14
2020-05-14,0.8822167724927535,1.1431066739757352,0.6213268710097719,1,1.1,162,312,TRUE,FALSE,14,14
2020-05-15,0.8986691198881871,1.129778981310896,0.6675592584654781,1,1.1,165,193,TRUE,FALSE,14,14
2020-05-16,0.9338157577443381,1.1513633866958406,0.7162681287928355,1,1.1,152,243,TRUE,FALSE,14,14
2020-05-17,0.9873016596464702,1.224811826810721,0.7497914924822192,1,1.1,182,85,TRUE,FALSE,14,14
2020-05-18,1.0414355371440234,1.3107817704497169,0.7720893038383299,1,1.1,173,58,TRUE,TRUE,14,14
2020-05-19,1.0971627686199994,1.3842744460883427,0.8100510911516561,1,1.1,174,220,TRUE,TRUE,14,14
2020-05-20,1.146379404425074,1.4229930626160352,0.8697657462341126,1,1.1,157,154,TRUE,TRUE,14,14
2020-05-21,1.1869135103779458,1.4331544423984186,0.9406725783574729,1,1.1,175,169,TRUE,TRUE,14,14
2020-05-22,1.1990952142796731,1.4163264895108347,0.9818639390485115,1,1.1,175,112,TRUE,TRUE,14,14
2020-05-23,1.1833383881125574,1.3966975352903162,0.9699792409347987,1,1.1,191,256,TRUE,TRUE,14,14
2020-05-24,1.1502005290210047,1.3806419553603424,0.9197591026816669,1,1.1,188,99,TRUE,TRUE,14,14
2020-05-25,1.1301593156253322,1.3813013507080139,0.8790172805426506,1,1.1,188,80,TRUE,TRUE,14,14
2020-05-26,1.134997371027905,1.398570260922214,0.8714244811335963,1,1.1,211,210,TRUE,TRUE,14,14
2020-05-27,1.1571112701743766,1.4209195919428186,0.8933029484059347,1,1.1,186,123,TRUE,TRUE,14,14
2020-05-28,1.1735072478989141,1.4296785196789734,0.9173359761188549,1,1.1,187,235,TRUE,TRUE,14,14
2020-05-29,1.1690775814909156,1.4183121780781096,0.9198429849037215,1,1.1,220,206,TRUE,TRUE,14,14
2020-05-30,1.1568928666283738,1.411189044704735,0.9025966885520125,1,1.1,185,152,TRUE,TRUE,14,14
2020-05-31,1.1476352280011304,1.4136302722251703,0.8816401837770904,1,1.1,224,127,TRUE,TRUE,14,14
2020-06-01,1.1518178288395091,1.4238358779467306,0.8797997797322876,1,1.1,225,95,TRUE,TRUE,14,14
2020-06-02,1.146349322440205,1.4041954905021092,0.888503154378301,1,1.1,251,235,TRUE,TRUE,14,14
2020-06-03,1.1266761253323911,1.3614476421926955,0.8919046084720869,1,1.1,227,277,TRUE,TRUE,14,14
2020-06-04,1.080511228353005,1.3058055709443581,0.8552168857616518,1,1.1,231,256,TRUE,TRUE,14,14
2020-06-05,1.0319716901826772,1.2771217125793168,0.7868216677860375,1,1.1,249,157,TRUE,TRUE,14,14
2020-06-06,0.9855303155546291,1.2580664080730637,0.7129942230361944,1,1.1,218,223,TRUE,FALSE,14,14
2020-06-07,0.9598279390777489,1.24905334904639,0.6706025291091078,1,1.1,268,139,TRUE,FALSE,14,14
2020-06-08,0.952361708800507,1.2409022011561248,0.663821216444889,1,1.1,252,107,TRUE,FALSE,14,14
2020-06-09,0.979499443832511,1.2556628923296478,0.7033359953353742,1,1.1,273,411,TRUE,FALSE,14,14
2020-06-10,1.0408551451466372,1.2954930069698616,0.7862172833234129,1,1.1,293,204,TRUE,TRUE,14,14
2020-06-11,1.1301554633726285,1.3641883495184601,0.8961225772267969,1,1.1,270,275,TRUE,TRUE,14,14
2020-06-12,1.214786730990288,1.4390187996408763,0.9905546623396998,1,1.1,280,275,TRUE,TRUE,14,14
2020-06-13,1.2716114423056983,1.507533992402239,1.0356888922091576,1,1.1,277,231,TRUE,TRUE,14,14
2020-06-14,1.2812811497330383,1.542776679122224,1.0197856203438527,1,1.1,292,183,TRUE,TRUE,14,14
2020-06-15,1.2572681036360043,1.545308634564187,0.9692275727078214,1,1.1,304,153,TRUE,TRUE,14,14
2020-06-16,1.1981735254015526,1.4974842029751025,0.8988628478280027,1,1.1,347,281,TRUE,TRUE,14,14
2020-06-17,1.1290943611595077,1.4225311596855423,0.835657562633473,1,1.1,323,233,TRUE,TRUE,14,14
2020-06-18,1.0533597271840032,1.3242242230383277,0.7824952313296787,1,1.1,303,377,TRUE,TRUE,14,14
2020-06-19,1.010774191643612,1.255042125816363,0.7665062574708608,1,1.1,344,255,TRUE,TRUE,14,14
2020-06-20,1.0037494931048452,1.2270657752388834,0.780433210970807,1,1.1,330,236,TRUE,TRUE,14,14
2020-06-21,1.048881719017839,1.2739001362614626,0.8238633017742153,1,1.1,342,223,TRUE,TRUE,14,14
2020-06-22,1.1192938474153762,1.3699085615842463,0.868679133246506,1,1.1,373,184,TRUE,TRUE,14,14
2020-06-23,1.211001119873763,1.492294399521723,0.9297078402258028,1,1.1,353,488,TRUE,TRUE,14,14
2020-06-24,1.2878027980760574,1.579822065627794,0.9957835305243208,1,1.1,376,367,TRUE,TRUE,14,14
2020-06-25,1.3250550064261015,1.6006209333694439,1.0494890794827592,1,1.1,361,395,TRUE,TRUE,14,14
2020-06-26,1.2854783350732033,1.5293324249858031,1.0416242451606035,1,1.1,358,311,TRUE,TRUE,14,14
2020-06-27,1.1737352436123933,1.3935778855333938,0.953892601691393,1,1.1,387,267,TRUE,TRUE,14,14
2020-06-28,1.0253739844967482,1.246247607974254,0.8045003610192426,1,1.1,400,176,TRUE,TRUE,14,14
2020-06-29,0.891554761032893,1.1287543621732168,0.6543551598925692,1,1.1,420,171,TRUE,FALSE,14,14
2020-06-30,0.8088728249415539,1.0628513454686799,0.5548943044144279,1,1.1,398,507,FALSE,FALSE,14,14
2020-07-01,0.785292432150214,1.0496052374058902,0.520979626894538,1,1.1,422,372,FALSE,FALSE,14,14
2020-07-02,0.8227489072002251,1.0927756648324998,0.5527221495679503,1,1.1,408,568,FALSE,FALSE,14,14
2020-07-03,0.9103155225997905,1.1823264183615494,0.6383046268380317,1,1.1,443,536,TRUE,FALSE,14,14
2020-07-04,1.0579093621598719,1.3331344349585073,0.7826842893612365,1,1.1,431,460,TRUE,TRUE,14,14
2020-07-05,1.2453095213848961,1.533460398164325,0.9571586446054674,1,1.1,447,174,TRUE,TRUE,14,14
2020-07-06,1.4584685793444871,1.7687078818569835,1.1482292768319908,1,1.1,462,220,FALSE,TRUE,14,14
2020-07-07,1.6079360128471283,1.9289271760674391,1.2869448496268174,1,1.1,479,464,FALSE,TRUE,14,14
2020-07-08,1.646634442482028,1.9580103121320738,1.3352585728319823,1,1.1,460,440,FALSE,TRUE,14,14
2020-07-09,1.5367781368298832,1.8256785175157533,1.247877756144013,1,1.1,506,504,FALSE,TRUE,14,14
2020-07-10,1.3523324134668022,1.62839708849893,1.0762677384346744,1,1.1,547,438,TRUE,TRUE,14,14
2020-07-11,1.1446308742753224,1.417541518079379,0.8717202304712659,1,1.1095238095238096,541,319,TRUE,TRUE,14,14
2020-07-12,0.9781093035327694,1.2514201157927367,0.704798491272802,1,1.119047619047619,583,251,TRUE,FALSE,14,14
2020-07-13,0.8642972431487927,1.1326944649836395,0.595900021313946,1,1.1285714285714286,568,251,TRUE,FALSE,14,14
2020-07-14,0.8233370534324619,1.0794252859575706,0.5672488209073533,1,1.1380952380952383,579,690,FALSE,FALSE,14,14
2020-07-15,0.8440171361563636,1.0836679876902804,0.604366284622447,1,1.1476190476190478,586,526,FALSE,FALSE,14,14
2020-07-16,0.9241947151436599,1.1593363390595828,0.6890530912277372,1,1.1571428571428573,641,849,TRUE,FALSE,14,14
2020-07-17,1.042379357393629,1.2966290017514348,0.7881297130358234,1,1.1666666666666667,628,858,TRUE,TRUE,14,14
2020-07-18,1.1875021890881974,1.4819315435716174,0.8930728346047773,1,1.1761904761904762,645,466,TRUE,TRUE,14,14
2020-07-19,1.3292354534353719,1.6564523680602303,1.0020185388105134,1,1.1857142857142857,705,278,TRUE,TRUE,14,14
2020-07-20,1.4367918103088502,1.770806678665867,1.1027769419518334,1,1.1952380952380952,720,263,TRUE,TRUE,14,14
2020-07-21,1.4789152591843053,1.7921875409124486,1.165642977456162,1,1.204761904761905,760,742,TRUE,TRUE,14,14
2020-07-22,1.439840982590231,1.723184766512838,1.156497198667624,1,1.2142857142857144,771,653,TRUE,TRUE,14,14
2020-07-23,1.3397576526967099,1.6082602250994065,1.0712550802940133,1,1.223809523809524,820,567,TRUE,TRUE,14,14
2020-07-24,1.2161824718270386,1.4904414873388274,0.9419234563152499,1,1.2333333333333334,891,769,TRUE,TRUE,14,14
2020-07-25,1.1186109412525969,1.4068373659044495,0.8303845166007442,1,1.2428571428571429,891,650,TRUE,TRUE,14,14
2020-07-26,1.0684063296827775,1.370867890198481,0.765944769167074,1,1.2523809523809524,935,373,TRUE,TRUE,14,14
2020-07-27,1.0681500447343584,1.3873124817846585,0.7489876076840583,1,1.2619047619047619,1022,397,TRUE,TRUE,14,14
2020-07-28,1.108695114530048,1.4430466450088058,0.7743435840512906,1,1.2714285714285714,1080,1274,TRUE,TRUE,14,14
2020-07-29,1.1805353629464725,1.5161038140065535,0.8449669118863917,1,1.280952380952381,1114,795,TRUE,TRUE,14,14
2020-07-30,1.2706120814248727,1.5908500986582257,0.9503740641915196,1,1.2904761904761906,1251,985,TRUE,TRUE,14,14
2020-07-31,1.357434117916988,1.6538753978967422,1.0609928379372338,1,1.3,1294,717,TRUE,TRUE,14,14
2020-08-01,1.4134281392118175,1.6921846502749363,1.1346716281486988,1,1.3,1337,982,TRUE,TRUE,14,14
2020-08-02,1.4194567229950772,1.6952964664152357,1.1436169795749187,1,1.3,1484,851,TRUE,TRUE,14,14
2020-08-03,1.3752699150414907,1.6540944575635352,1.096445372519446,1,1.3,1495,374,TRUE,TRUE,14,14
2020-08-04,1.3074490615411616,1.5894830247800347,1.0254150983022885,1,1.3,1571,1174,TRUE,TRUE,14,14
2020-08-05,1.2461699638555,1.5324284139436706,0.9599115137673293,1,1.3,1740,1095,TRUE,TRUE,14,14
2020-08-06,1.2067150345677766,1.4913299645258657,0.9221001046096876,1,1.3,1805,985,TRUE,TRUE,14,14
2020-08-07,1.185494818027597,1.463761387017949,0.9072282490372452,1,1.3,1886,1353,TRUE,TRUE,14,14
2020-08-08,1.1780050066032226,1.4605091623737745,0.8955008508326707,1,1.3,2013,1493,TRUE,TRUE,14,14
2020-08-09,1.1881569516715833,1.4867494932772696,0.889564410065897,1,1.3,2104,1015,TRUE,TRUE,14,14
2020-08-10,1.2242343386088481,1.5360894805549297,0.9123791966627666,1,1.280952380952381,2287,589,TRUE,TRUE,14,14
2020-08-11,1.2793147339978144,1.58852999592387,0.9700994720717588,1,1.2619047619047619,2392,2266,TRUE,TRUE,14,14
2020-08-12,1.3261030037611765,1.6118318576570456,1.0403741498653074,1,1.2428571428571429,2407,1971,TRUE,TRUE,14,14
2020-08-13,1.3391029098345606,1.5936582510826591,1.084547568586462,1,1.223809523809524,2458,1193,TRUE,TRUE,14,14
2020-08-14,1.3214655138864997,1.5576030233095706,1.0853280044634288,1,1.2047619047619047,2602,1429,TRUE,TRUE,14,14
2020-08-15,1.29944043977963,1.5392219871796526,1.0596588923796073,1,1.1857142857142857,2715,2054,TRUE,TRUE,14,14
2020-08-16,1.2878166934995452,1.5513756321525016,1.0242577548465888,1,1.1666666666666667,2796,1111,TRUE,TRUE,14,14
2020-08-17,1.2771155342561065,1.5663550089473666,0.9878760595648463,1,1.1476190476190475,2917,993,TRUE,TRUE,14,14
2020-08-18,1.2528337585772422,1.5449598183899755,0.9607076987645089,1,1.1285714285714286,2924,3117,TRUE,TRUE,14,14
2020-08-19,1.2150324433603037,1.4873647010934161,0.9427001856271913,1,1.1095238095238096,2964,2374,TRUE,TRUE,14,14
2020-08-20,1.173664296162485,1.4262849954508605,0.9210435968741095,1,1.0904761904761906,2930,2455,TRUE,TRUE,14,14
2020-08-21,1.131334139859404,1.3749771477634614,0.8876911319553464,1,1.0714285714285714,2964,2595,TRUE,TRUE,14,14
2020-08-22,1.0784078288878733,1.3173567897896845,0.8394588679860622,1,1.0523809523809524,3006,2692,TRUE,TRUE,14,14
2020-08-23,1.0099745914976954,1.2446237287959672,0.7753254541994236,1,1.0333333333333332,2961,1479,TRUE,TRUE,14,14
2020-08-24,0.937522246430159,1.1641626030042698,0.7108818898560483,1,1.0142857142857142,2951,1412,TRUE,FALSE,14,14
2020-08-25,0.8845165365161903,1.0974433671493788,0.6715897058830018,1,0.9952380952380953,2901,4753,TRUE,FALSE,14,14
2020-08-26,0.86460417309022,1.0639804791290766,0.6652278670513633,1,0.9761904761904763,2984,2565,TRUE,FALSE,14,14
2020-08-27,0.8731527840503144,1.0664037061826366,0.6799018619179922,1,0.9571428571428572,2894,2576,TRUE,FALSE,14,14
2020-08-28,0.8936137940254152,1.0926944771197433,0.694533110931087,1,0.9380952380952381,2766,4358,TRUE,FALSE,14,14
2020-08-29,0.9163580802786142,1.1319525639185375,0.7007635966386909,1,0.9190476190476191,2670,3601,TRUE,FALSE,14,14
2020-08-30,0.9438680394061587,1.1750094580223338,0.7127266207899836,1,0.9,2614,2400,TRUE,FALSE,14,14
2020-08-31,0.9834558961325593,1.2211978087267032,0.7457139835384154,1,0.9,2641,1677,TRUE,FALSE,14,14
2020-09-01,1.0270906563899245,1.262265501750241,0.7919158110296077,1,0.9,2478,3187,TRUE,TRUE,14,14
2020-09-02,1.0501929044966454,1.273120173375109,0.8272656356181819,1,0.9,2493,3536,TRUE,TRUE,14,14
2020-09-03,1.0295408229627299,1.235737004991813,0.8233446409336468,1,0.9,2333,3625,TRUE,TRUE,14,14
2020-09-04,0.9676501755290601,1.1704638314760318,0.7648365195820883,1,0.9,2375,3015,TRUE,FALSE,14,14
2020-09-05,0.8877090952227014,1.108307467427818,0.6671107230175848,1,0.9,2403,3377,TRUE,FALSE,14,14
2020-09-06,0.8165530938771517,1.0608977898178311,0.5722083979364724,1,0.9,2294,1597,TRUE,FALSE,14,14
2020-09-07,0.768056699275036,1.0240228154418467,0.5120905831082252,1,0.9,2177,1286,TRUE,FALSE,14,14
2020-09-08,0.7468826528128386,0.9938929725560263,0.49987233306965095,1,0.9,2183,4792,TRUE,FALSE,14,14
2020-09-09,0.7517168921791294,0.9787422703267188,0.52469151403154,1,0.9,2155,2901,TRUE,FALSE,14,14
2020-09-10,0.7854578275245825,1.004517723238597,0.5663979318105682,1,0.9,2034,2660,TRUE,FALSE,14,14
2020-09-11,0.8602866817961415,1.0948934722993697,0.6256798912929132,1,0.9,2040,3629,TRUE,FALSE,14,14
2020-09-12,0.9837350418705471,1.2452507530548087,0.7222193306862854,1,0.9,2066,2811,TRUE,FALSE,14,14
2020-09-13,1.1351616133125868,1.416521233762217,0.8538019928629565,1,0.9,1953,1489,TRUE,TRUE,14,14
2020-09-14,1.2613822462319084,1.5418434415380404,0.9809210509257764,1,0.9,1996,1229,FALSE,TRUE,14,14
2020-09-15,1.308880338418453,1.5694608434755482,1.048299833361358,1,0.9,1936,4268,FALSE,TRUE,14,14
2020-09-16,1.2616905705746546,1.5012631085070605,1.0221180326422488,1,0.9,1833,2539,FALSE,TRUE,14,14
2020-09-17,1.1387809785572398,1.3725778851212451,0.9049840719932345,1,0.9,1820,2022,FALSE,TRUE,14,14
2020-09-18,0.9790631902292155,1.2187949196145194,0.7393314608439117,1,0.9,1743,2165,TRUE,FALSE,14,14
2020-09-19,0.8210545966557052,1.0649978739849015,0.5771113193265089,1,0.9,1782,1797,TRUE,FALSE,14,14
2020-09-20,0.6930853219082402,0.9326290760401732,0.4535415677763073,1,0.9,1684,1146,TRUE,FALSE,14,14
2020-09-21,0.6074811924431258,0.8383242703391274,0.37663811454712426,1,0.9,1693,1263,FALSE,FALSE,14,14
2020-09-22,0.5635663096442792,0.7882409777543778,0.3388916415341806,1,0.9,1628,5947,FALSE,FALSE,14,14
2020-09-23,0.5567906042007593,0.7791096385822003,0.33447156981931836,1,0.9,1582,2680,FALSE,FALSE,14,14
2020-09-24,0.5816601550170329,0.8040807386215595,0.3592395714125064,1,0.9,1489,1532,FALSE,FALSE,14,14
2020-09-25,0.6330996992409903,0.8567507527484479,0.40944864573353273,1,0.9,1497,2457,FALSE,FALSE,14,14
2020-09-26,0.7042013169279305,0.9267005248504119,0.4817021090054492,1,0.9,1473,2475,TRUE,FALSE,14,14
2020-09-27,0.7850259810034659,1.0046710460275188,0.565380915979413,1,0.9,1365,1918,TRUE,FALSE,14,14
2020-09-28,0.8651336666006789,1.0864107545990151,0.6438565786023427,1,0.9,1309,775,TRUE,FALSE,14,14
2020-09-29,0.9405148182528613,1.1693203754139199,0.7117092610918028,1,0.9,1339,2384,TRUE,FALSE,14,14
2020-09-30,1.0128465481218254,1.2529643609783756,0.7727287352652752,1,0.9,1360,1577,TRUE,TRUE,14,14
2020-10-01,1.0851745013001055,1.3401015828007299,0.8302474197994811,1,0.9,1241,1612,TRUE,TRUE,14,14
2020-10-02,1.1595380230710657,1.4289168814035267,0.8901591647386047,1,0.9,1267,2045,TRUE,TRUE,14,14
2020-10-03,1.2249841053860924,1.5070596278282966,0.9429085829438881,1,0.9,1207,1405,FALSE,TRUE,14,14
2020-10-04,1.257843325375633,1.553432692417838,0.9622539583334278,1,0.9,1231,1251,FALSE,TRUE,14,14
2020-10-05,1.2358104049897185,1.5380135622969346,0.9336072476825024,1,0.9,1213,758,FALSE,TRUE,14,14
2020-10-06,1.168480681602168,1.4637054466918893,0.8732559165124467,1,0.9,1160,1836,TRUE,TRUE,14,14
2020-10-07,1.0849192351230612,1.3628642707399998,0.8069741995061226,1,0.9,1123,1382,TRUE,TRUE,14,14
2020-10-08,1.004048575554196,1.255946542258167,0.7521506088502247,1,0.9,1103,966,TRUE,TRUE,14,14
2020-10-09,0.9253829342968286,1.1492276254040985,0.7015382431895587,1,0.9095238095238095,1088,1549,TRUE,FALSE,14,14
2020-10-10,0.8507636940367033,1.0615342422691771,0.6399931458042295,1,0.9190476190476191,1077,1308,TRUE,FALSE,14,14
2020-10-11,0.7973936477591603,1.0138383380122493,0.5809489575060712,1,0.9285714285714286,993,1043,TRUE,FALSE,14,14
2020-10-12,0.7871045869990689,1.0173633412202059,0.556845832777932,1,0.9380952380952381,1037,800,TRUE,FALSE,14,14
2020-10-13,0.8208669329838716,1.0628314253581657,0.5789024406095774,1,0.9476190476190477,1056,2162,TRUE,FALSE,14,14
2020-10-14,0.8718464020918442,1.1150373568542074,0.628655447329481,1,0.9571428571428572,1060,2469,TRUE,FALSE,14,14
2020-10-15,0.9023369898997518,1.1357303573533044,0.668943622446199,1,0.9666666666666667,997,1432,TRUE,FALSE,14,14
2020-10-16,0.8992790048845011,1.1216898506054984,0.6768681591635037,1,0.9761904761904763,1047,895,TRUE,FALSE,14,14
2020-10-17,0.8809717096007973,1.1044079362711716,0.657535482930423,1,0.9857142857142858,1097,1169,TRUE,FALSE,14,14
2020-10-18,0.8725668019910173,1.1211179911168856,0.6240156128651491,1,0.9952380952380953,1056,644,TRUE,FALSE,14,14
2020-10-19,0.8780890368212368,1.1667668243085187,0.589411249333955,1,1.0047619047619047,1001,691,TRUE,FALSE,14,14
2020-10-20,0.8912566137760709,1.2005537952466658,0.581959432305476,1,1.0142857142857142,1031,1791,TRUE,FALSE,14,14
2020-10-21,0.9109330782416395,1.2047858993738836,0.6170802571093953,1,1.023809523809524,1100,2206,TRUE,FALSE,14,14
2020-10-22,0.948486464020976,1.212454948228945,0.684517979813007,1,1.0333333333333334,1066,946,TRUE,FALSE,14,14
2020-10-23,1.0132417625442678,1.2633083720898641,0.7631751529986714,1,1.042857142857143,1027,1728,TRUE,TRUE,14,14
2020-10-24,1.0925414305857444,1.3551716631137198,0.8299111980577688,1,1.0523809523809524,1049,733,TRUE,TRUE,14,14
2020-10-25,1.1521743024250692,1.4406561984046686,0.8636924064454699,1,1.061904761904762,1062,504,TRUE,TRUE,14,14
2020-10-26,1.1627932096344065,1.465342133328236,0.860244285940577,1,1.0714285714285716,1158,621,TRUE,TRUE,14,14
2020-10-27,1.138730981088137,1.4351949370936394,0.8422670250826345,1,1.080952380952381,1177,1769,TRUE,TRUE,14,14
2020-10-28,1.1049627532230444,1.3816007638960344,0.8283247425500544,1,1.0904761904761906,1163,1086,TRUE,TRUE,14,14
2020-10-29,1.0745427209784744,1.3309053528887094,0.8181800890682394,1,1.1,1220,1181,TRUE,TRUE,14,14
2020-10-30,1.0546058057301695,1.3039434569901616,0.8052681544701774,1,1.1,1248,1013,TRUE,TRUE,14,14
2020-10-31,1.0636990594787301,1.3242955631880884,0.8031025557693718,1,1.1,1238,1129,TRUE,TRUE,14,14
2020-11-01,1.1189800969462917,1.401081747021806,0.8368784468707775,1,1.1,1225,810,TRUE,TRUE,14,14
2020-11-02,1.2062520231605853,1.5054659504557995,0.9070380958653713,1,1.1,1286,531,TRUE,TRUE,14,14
2020-11-03,1.2952204553863262,1.5929481837323964,0.997492727040256,1,1.1,1329,1626,TRUE,TRUE,14,14
2020-11-04,1.3584350460583268,1.6356772157685608,1.0811928763480927,1,1.1,1273,1871,TRUE,TRUE,14,14
2020-11-05,1.3795859799958605,1.6310752816133123,1.1280966783784088,1,1.1,1433,999,FALSE,TRUE,14,14
2020-11-06,1.34759255938211,1.58069178511607,1.1144933336481502,1,1.1,1404,1160,FALSE,TRUE,14,14
2020-11-07,1.2574778724284543,1.4853705494621379,1.0295851953947708,1,1.1,1348,1221,TRUE,TRUE,14,14
2020-11-08,1.1242968191849283,1.360417110547805,0.8881765278220517,1,1.1,1500,656,TRUE,TRUE,14,14
2020-11-09,0.9824681334315475,1.2273966552774447,0.7375396115856503,1,1.1,1485,819,TRUE,FALSE,14,14
2020-11-10,0.8722552945314046,1.1149306122371734,0.6295799768256358,1,1.1,1520,1701,TRUE,FALSE,14,14
2020-11-11,0.8150879617005495,1.0432453899428165,0.5869305334582826,1,1.1,1573,1876,FALSE,FALSE,14,14
2020-11-12,0.8106922021019881,1.0165054329495284,0.6048789712544479,1,1.1,1621,1928,FALSE,FALSE,14,14
2020-11-13,0.8442347411688671,1.0336864256450073,0.654783056692727,1,1.1,1649,2196,FALSE,FALSE,14,14
2020-11-14,0.9057736625383825,1.105671065632875,0.7058762594438901,1,1.1,1602,1335,TRUE,FALSE,14,14
2020-11-15,0.9973536135449603,1.234245070865577,0.7604621562243437,1,1.1,1738,1195,TRUE,FALSE,14,14
2020-11-16,1.1243385864436433,1.4050282598090058,0.8436489130782807,1,1.1,1796,566,TRUE,TRUE,14,14
2020-11-17,1.2675594359611861,1.5750472152244381,0.9600716566979342,1,1.1,1791,2496,TRUE,TRUE,14,14
2020-11-18,1.3768076212593887,1.6730252295389436,1.0805900129798338,1,1.0857142857142859,1838,2002,TRUE,TRUE,14,14
2020-11-19,1.406916167333111,1.662448392002587,1.151383942663635,1,1.0714285714285716,1881,1752,FALSE,TRUE,14,14
2020-11-20,1.362367683003589,1.590773172337497,1.1339621936696809,1,1.0571428571428572,1857,1569,FALSE,TRUE,14,14
2020-11-21,1.2845504425103584,1.5253937479453121,1.0437071370754047,1,1.042857142857143,1873,1314,FALSE,TRUE,14,14
2020-11-22,1.2026699656768849,1.4753170619058578,0.9300228694479119,1,1.0285714285714287,1944,747,TRUE,TRUE,14,14
2020-11-23,1.117605747764192,1.4140626451670504,0.8211488503613338,1,1.0142857142857145,1888,952,TRUE,TRUE,14,14
2020-11-24,1.0258493025176338,1.320840889578971,0.7308577154562966,1,1,1858,3136,TRUE,TRUE,14,14
2020-11-25,0.9434753387202713,1.2101614580546476,0.6767892193858951,1,0.9857142857142858,1846,1535,TRUE,FALSE,14,14
2020-11-26,0.8955833450976355,1.1224946402918534,0.6686720499034176,1,0.9714285714285715,1855,2459,TRUE,FALSE,14,14
2020-11-27,0.8933643983714176,1.0935171881379109,0.6932116086049243,1,0.9571428571428572,1802,2507,TRUE,FALSE,14,14
2020-11-28,0.9193199068462512,1.1293940969447116,0.7092457167477908,1,0.942857142857143,1720,2324,TRUE,FALSE,14,14
2020-11-29,0.9465358673410691,1.1970045625306671,0.6960671721514712,1,0.9285714285714286,1607,914,TRUE,FALSE,14,14
2020-11-30,0.9648176926429703,1.2503045503477634,0.6793308349381773,1,0.9142857142857144,1682,724,TRUE,FALSE,14,14
2020-12-01,0.9839806970740436,1.2750211223326766,0.6929402718154105,1,0.9000000000000001,1541,3061,TRUE,FALSE,14,14
2020-12-02,0.9990905119818178,1.2647164571918106,0.7334645667718248,1,0.8857142857142858,1521,2821,TRUE,FALSE,14,14
2020-12-03,0.973989180820153,1.1937616000032203,0.7542167616370856,1,0.8714285714285714,1439,2612,TRUE,FALSE,14,14
2020-12-04,0.8797873909347302,1.0554711615517478,0.7041036203177127,1,0.8571428571428572,1422,2371,TRUE,FALSE,14,14
2020-12-05,0.7390014627104249,0.901778326150092,0.5762245992707578,1,0.842857142857143,1325,2238,TRUE,FALSE,14,14
2020-12-06,0.6048376340927961,0.786374753680174,0.4233005145054183,1,0.8285714285714286,1276,1301,FALSE,FALSE,14,14
2020-12-07,0.5146622718155296,0.7219604413139871,0.30736410231707206,1,0.8142857142857143,1240,633,FALSE,FALSE,14,14
2020-12-08,0.46953483748715485,0.6953052160797922,0.24376445889451748,1,0.8,1119,1987,FALSE,FALSE,14,14
2020-12-09,0.4597638140318028,0.6896751623595981,0.22985246570400744,1,0.8,1087,2106,FALSE,FALSE,14,14
2020-12-10,0.48158041905091203,0.7005912447239385,0.26256959337788555,1,0.8,1037,3294,FALSE,FALSE,14,14
2020-12-11,0.5443926736700917,0.7481603389694029,0.34062500837078047,1,0.8,1073,3449,FALSE,FALSE,14,14
2020-12-12,0.6598551532516906,0.8625866397932724,0.45712366671010884,1,0.8,930,1396,TRUE,FALSE,14,14
2020-12-13,0.8203821429088874,1.0484374857217547,0.5923268000960203,1,0.8,896,638,TRUE,FALSE,14,14
2020-12-14,0.9970354212952172,1.2666083627911942,0.7274624797992402,1,0.8,842,650,TRUE,FALSE,14,14
2020-12-15,1.1548107055139236,1.4560366810825758,0.8535847299452715,1,0.8,836,1256,FALSE,TRUE,14,14
2020-12-16,1.2638302617639228,1.5681782104728563,0.9594823130549892,1,0.8,771,1163,FALSE,TRUE,14,14
2020-12-17,1.3066270535065336,1.5878327805356451,1.0254213264774221,1,0.8,708,1111,FALSE,TRUE,14,14
2020-12-18,1.274850559482246,1.5242919499008416,1.0254091690636502,1,0.8,749,1765,FALSE,TRUE,14,14
2020-12-19,1.1899615948578688,1.4236975432653214,0.9562256464504162,1,0.8,655,1221,FALSE,TRUE,14,14
2020-12-20,1.081815779675857,1.3198603218688756,0.8437712374828384,1,0.8,612,519,FALSE,TRUE,14,14
2020-12-21,0.975626218532885,1.2216768469840722,0.7295755900816978,1,0.8,582,413,TRUE,FALSE,14,14
2020-12-22,0.8771407002884176,1.1200147640545226,0.6342666365223125,1,0.8,607,1219,TRUE,FALSE,14,14
2020-12-23,0.7796593749407279,1.0007044091624597,0.5586143407189961,1,0.8,547,978,TRUE,FALSE,14,14
2020-12-24,0.6803084466739475,0.871073017558183,0.48954387578971204,1,0.8,543,1139,TRUE,FALSE,14,14
2020-12-25,0.5909892400692278,0.7654902491116758,0.4164882310267798,1,0.8,485,906,FALSE,FALSE,14,14
2020-12-26,0.5308098324807736,0.7086978678188991,0.35292179714264815,1,0.8,471,1218,FALSE,FALSE,14,14
2020-12-27,0.5089615693753373,0.6979307194916546,0.31999241925902,1,0.8,447,611,FALSE,FALSE,14,14
2020-12-28,0.5192695659047852,0.7195595453185368,0.31897958649103364,1,0.8,444,434,FALSE,FALSE,14,14
2020-12-29,0.551520361602318,0.7567782123092879,0.3462625108953481,1,0.8,384,1395,FALSE,FALSE,14,14
2020-12-30,0.6014936607891228,0.8016468374970619,0.4013404840811837,1,0.8,412,1277,TRUE,FALSE,14,14
2020-12-31,0.6724087192391537,0.865563573704104,0.4792538647742034,1,0.8,371,533,TRUE,FALSE,14,14
2021-01-01,0.7625491459190282,0.9586452844633059,0.5664530073747506,1,0.8,366,672,TRUE,FALSE,14,14
2021-01-02,0.8559612207768565,1.0668801855394303,0.6450422560142829,1,0.8,364,672,TRUE,FALSE,14,14
2021-01-03,0.9322646741140412,1.1653965007313605,0.699132847496722,1,0.8,327,470,TRUE,FALSE,14,14
2021-01-04,0.9871149421299,1.2402426932414945,0.7339871910183056,1,0.8,333,330,TRUE,FALSE,14,14
2021-01-05,1.031576331274486,1.2938920584458156,0.7692606041031562,1,0.8,303,614,TRUE,TRUE,14,14
2021-01-06,1.0690535046810488,1.3310700850144181,0.8070369243476794,1,0.8,306,421,FALSE,TRUE,14,14
2021-01-07,1.0864536005550602,1.3421588543532237,0.8307483467568968,1,0.8076923076923077,304,790,FALSE,TRUE,14,14
2021-01-08,1.0690699244701543,1.3158241847376577,0.8223156642026507,1,0.8153846153846154,285,518,FALSE,TRUE,14,14
2021-01-09,1.0186953298961778,1.2598838084393957,0.7775068513529599,1,0.8230769230769232,243,295,TRUE,TRUE,14,14
2021-01-10,0.9462523339543144,1.1841088954171384,0.7083957724914904,1,0.8307692307692308,271,330,TRUE,FALSE,14,14
2021-01-11,0.8665774600755096,1.1006429453587767,0.6325119747922426,1,0.8384615384615385,267,288,TRUE,FALSE,14,14
2021-01-12,0.7907100317474012,1.022451956696885,0.5589681067979173,1,0.8461538461538461,261,375,TRUE,FALSE,14,14
2021-01-13,0.7277156070942032,0.9565501390284121,0.4988810751599944,1,0.8538461538461539,253,323,TRUE,FALSE,14,14
2021-01-14,0.6847885533940744,0.909025744471941,0.46055136231620786,1,0.8615384615384616,255,345,TRUE,FALSE,14,14
2021-01-15,0.6694764856100115,0.8944356336982026,0.44451733752182043,1,0.8692307692307693,252,580,TRUE,FALSE,14,14
2021-01-16,0.6899452250994291,0.9244206268462216,0.45546982335263664,1,0.8769230769230769,238,549,TRUE,FALSE,14,14
2021-01-17,0.7461760653458998,0.9956446910160057,0.49670743967579384,1,0.8846153846153847,245,213,TRUE,FALSE,14,14
2021-01-18,0.8257582585774141,1.0929693316112974,0.5585471855435309,1,0.8923076923076924,210,168,TRUE,FALSE,14,14
2021-01-19,0.9092664917562553,1.1889338483877612,0.6295991351247494,1,0.9,222,463,TRUE,FALSE,14,14
2021-01-20,0.9860602044920566,1.262457440329311,0.7096629686548022,1,0.9076923076923077,219,234,TRUE,FALSE,14,14
2021-01-21,1.0557801133944882,1.3144715094440018,0.7970887173449746,1,0.9153846153846155,211,350,TRUE,TRUE,14,14
2021-01-22,1.1156848378383468,1.355751558731871,0.8756181169448226,1,0.9230769230769231,170,251,TRUE,TRUE,14,14
2021-01-23,1.1453021108140913,1.3786693647666914,0.9119348568614911,1,0.9307692307692308,232,327,TRUE,TRUE,14,14
2021-01-24,1.1289111821603994,1.3666257039759306,0.8911966603448682,1,0.9384615384615385,213,167,TRUE,TRUE,14,14
2021-01-25,1.0783497926287402,1.3204854741124823,0.8362141111449981,1,0.9461538461538461,209,180,TRUE,TRUE,14,14
2021-01-26,1.0215653133803846,1.2618514450644254,0.7812791816963438,1,0.9538461538461539,194,299,TRUE,TRUE,14,14
2021-01-27,0.969969944560868,1.2023994098244721,0.737540479297264,1,0.9615384615384616,179,307,TRUE,FALSE,14,14
2021-01-28,0.9136770728951068,1.1358978217492108,0.6914563240410028,1,0.9692307692307692,226,249,TRUE,FALSE,14,14
2021-01-29,0.8405675570107016,1.0613611820806452,0.619773931940758,1,0.976923076923077,200,270,TRUE,FALSE,14,14
2021-01-30,0.755231081805302,1.0012977732230657,0.5091643903875382,1,0.9846153846153847,223,354,TRUE,FALSE,14,14
