date,median_R_mean,median_R_highHPD,median_R_lowHPD,replicate,Re,infections,observations,in_CI,above_1,block_size,exp_name
2020-02-08,2.7571727535084243,3.360087727009031,2.1542577800078178,1,2.5,94,7,TRUE,TRUE,7,7
2020-02-09,2.6656108763969253,3.2549181690561086,2.076303583737742,1,2.5,135,9,TRUE,TRUE,7,7
2020-02-10,2.703530078520982,3.2809092628696543,2.1261508941723095,1,2.5,165,10,TRUE,TRUE,7,7
2020-02-11,2.8058626317088753,3.4006688242512917,2.211056439166459,1,2.5,194,69,TRUE,TRUE,7,7
2020-02-12,2.879765168262552,3.490506243479485,2.2690240930456187,1,2.5,248,35,TRUE,TRUE,7,7
2020-02-13,2.8771700018362174,3.4510861374876862,2.3032538661847486,1,2.5,295,68,TRUE,TRUE,7,7
2020-02-14,2.8122174031285723,3.3410633117451347,2.28337149451201,1,2.5,358,33,TRUE,TRUE,7,7
2020-02-15,2.717912802810636,3.227349558748236,2.208476046873036,1,2.5,485,60,TRUE,TRUE,7,7
2020-02-16,2.6139108576103633,3.103584417060085,2.124237298160642,1,2.5,557,55,TRUE,TRUE,7,7
2020-02-17,2.507822025953129,2.98867554271565,2.026968509190608,1,2.5,647,73,TRUE,TRUE,7,7
2020-02-18,2.4102952594775715,2.8949680442560153,1.925622474699128,1,2.5,866,168,TRUE,TRUE,7,7
2020-02-19,2.3250923839843574,2.7979167639048197,1.852268004063895,1,2.5,1103,168,TRUE,TRUE,7,7
2020-02-20,2.245472746832772,2.7025074422349045,1.7884380514306397,1,2.5,1288,225,TRUE,TRUE,7,7
2020-02-21,2.1701501325339603,2.6140934767596136,1.726206788308307,1,2.5,1594,270,TRUE,TRUE,7,7
2020-02-22,2.1077891916908578,2.5299761199097364,1.685602263471979,1,2.435483870967742,1984,416,TRUE,TRUE,7,7
2020-02-23,2.066412199867639,2.472954010669306,1.659870389065972,1,2.370967741935484,2414,340,TRUE,TRUE,7,7
2020-02-24,2.057616061774049,2.456912574019002,1.6583195495290959,1,2.306451612903226,2765,195,TRUE,TRUE,7,7
2020-02-25,2.082501938110015,2.4674508249654585,1.6975530512545718,1,2.241935483870968,3343,681,TRUE,TRUE,7,7
2020-02-26,2.1257390655572457,2.5077160056567744,1.743762125457717,1,2.1774193548387095,3943,868,TRUE,TRUE,7,7
2020-02-27,2.1439962025551282,2.538242702673221,1.7497497024370356,1,2.1129032258064515,4541,1583,TRUE,TRUE,7,7
2020-02-28,2.1089365931019066,2.496066060142991,1.7218071260608225,1,2.0483870967741935,5476,1480,TRUE,TRUE,7,7
2020-02-29,2.0344490162891122,2.3940517299753923,1.6748463026028324,1,1.9838709677419355,6050,1950,TRUE,TRUE,7,7
2020-03-01,1.952995358601405,2.284034396318183,1.6219563208846275,1,1.9193548387096775,6878,1115,TRUE,TRUE,7,7
2020-03-02,1.8805105864122993,2.1805207523928076,1.580500420431791,1,1.8548387096774195,7866,548,TRUE,TRUE,7,7
2020-03-03,1.8136376585006662,2.0827445077197946,1.5445308092815377,1,1.7903225806451613,8849,2693,TRUE,TRUE,7,7
2020-03-04,1.7424435029364607,1.994225656198656,1.4906613496742653,1,1.7258064516129032,9683,2931,TRUE,TRUE,7,7
2020-03-05,1.6620033143848163,1.9081292088919717,1.415877419877661,1,1.6612903225806452,10585,4151,TRUE,TRUE,7,7
2020-03-06,1.5721863079597789,1.8215593588889392,1.3228132570306186,1,1.596774193548387,11464,3667,TRUE,TRUE,7,7
2020-03-07,1.4766272693457514,1.7355909624285712,1.2176635762629315,1,1.532258064516129,12645,5268,TRUE,TRUE,7,7
2020-03-08,1.3819133797626895,1.6446881635289976,1.1191385959963813,1,1.467741935483871,13252,2814,TRUE,TRUE,7,7
2020-03-09,1.29495585360291,1.5527050298827327,1.0372066773230872,1,1.403225806451613,14033,2229,TRUE,TRUE,7,7
2020-03-10,1.221669788885006,1.4713915396257813,0.9719480381442309,1,1.338709677419355,14426,9345,TRUE,TRUE,7,7
2020-03-11,1.162268550855147,1.4001406986245897,0.9243964030857041,1,1.2741935483870968,15065,8022,TRUE,TRUE,7,7
2020-03-12,1.1115141348628892,1.3305379354342952,0.8924903342914832,1,1.2096774193548387,15301,15578,TRUE,TRUE,7,7
2020-03-13,1.0643433218030822,1.2628035106892708,0.8658831329168937,1,1.1451612903225807,15071,10999,TRUE,TRUE,7,7
2020-03-14,1.020319720590772,1.20197027359088,0.838669167590664,1,1.0806451612903225,14973,10943,TRUE,TRUE,7,7
2020-03-15,0.9810590386747421,1.1499775413381654,0.8121405360113189,1,1.0161290322580645,14587,4856,TRUE,FALSE,7,7
2020-03-16,0.9486198279842395,1.1122932578253324,0.7849463981431467,1,0.9516129032258065,13921,6104,TRUE,FALSE,7,7
2020-03-17,0.9240695601729554,1.0938180152770332,0.7543211050688776,1,0.8870967741935485,13222,17613,TRUE,FALSE,7,7
2020-03-18,0.9081128332981045,1.0910603203147433,0.7251653462814658,1,0.8225806451612905,12052,14642,TRUE,FALSE,7,7
2020-03-19,0.8972023059420614,1.0933649755626056,0.7010396363215172,1,0.7580645161290323,10900,16195,TRUE,FALSE,7,7
2020-03-20,0.8846691376759517,1.0905766908706058,0.6787615844812975,1,0.6935483870967742,9706,17006,TRUE,FALSE,7,7
2020-03-21,0.86559142273172,1.0757552297061082,0.6554276157573318,1,0.6290322580645162,8251,11507,FALSE,FALSE,7,7
2020-03-22,0.8384406521013538,1.0479268518153497,0.6289544523873578,1,0.564516129032258,7075,11563,FALSE,FALSE,7,7
2020-03-23,0.8042010816776954,1.010292598890242,0.5981095644651488,1,0.5,5724,5347,FALSE,FALSE,7,7
2020-03-24,0.764473633005492,0.9631417489055606,0.5658055171054234,1,0.5,4976,12297,FALSE,FALSE,7,7
2020-03-25,0.723448181639291,0.9089588569646423,0.5379375063139398,1,0.5,4506,20097,FALSE,FALSE,7,7
2020-03-26,0.683940093875841,0.853951583563271,0.5139286041884109,1,0.5,4054,14482,FALSE,FALSE,7,7
2020-03-27,0.6426339162362448,0.7983562787268405,0.4869115537456491,1,0.5,3512,10987,TRUE,FALSE,7,7
2020-03-28,0.5947086719036208,0.7379173601849123,0.4514999836223293,1,0.5,3023,10692,TRUE,FALSE,7,7
2020-03-29,0.5418100063647705,0.6777079625584329,0.4059120501711081,1,0.5,2723,6208,TRUE,FALSE,7,7
2020-03-30,0.49189911332021957,0.6297879784555708,0.35401024818486837,1,0.5,2354,5778,TRUE,FALSE,7,7
2020-03-31,0.4519517374318655,0.5994500409139734,0.3044534339497577,1,0.5,2065,16470,TRUE,FALSE,7,7
2020-04-01,0.4229763402285852,0.5897892712364344,0.256163409220736,1,0.5,1796,17236,TRUE,FALSE,7,7
2020-04-02,0.40594433284627074,0.6067496056279107,0.2051390600646308,1,0.5095238095238095,1607,7178,TRUE,FALSE,7,7
2020-04-03,0.4001903021173338,0.6413076982764716,0.15907290595819595,1,0.5190476190476191,1455,8739,TRUE,FALSE,7,7
2020-04-04,0.40358358838951686,0.6709546074877969,0.13621256929123682,1,0.5285714285714286,1343,12345,TRUE,FALSE,7,7
2020-04-05,0.4148719013426251,0.6790913696255967,0.15065243305965348,1,0.5380952380952381,1172,2632,TRUE,FALSE,7,7
2020-04-06,0.43552544321653625,0.6701363268999643,0.2009145595331082,1,0.5476190476190476,1003,1950,TRUE,FALSE,7,7
2020-04-07,0.46708843739694383,0.6629944154770315,0.2711824593168562,1,0.5571428571428572,949,9433,TRUE,FALSE,7,7
2020-04-08,0.5068840735067398,0.6739705294271645,0.3397976175863151,1,0.5666666666666667,852,3797,TRUE,FALSE,7,7
2020-04-09,0.5513368535838564,0.7071436985013851,0.3955300086663277,1,0.5761904761904761,785,3457,TRUE,FALSE,7,7
2020-04-10,0.5984047949816396,0.758447124652036,0.4383624653112431,1,0.5857142857142856,696,2567,TRUE,FALSE,7,7
2020-04-11,0.6412915153742066,0.8173347241497871,0.46524830659862604,1,0.5952380952380952,676,2458,TRUE,FALSE,7,7
2020-04-12,0.6687576357338713,0.8635546866894747,0.47396058477826786,1,0.6047619047619047,627,1472,TRUE,FALSE,7,7
2020-04-13,0.6754725814721041,0.8832561946671116,0.4676889682770966,1,0.6142857142857142,502,879,TRUE,FALSE,7,7
2020-04-14,0.6696782348351316,0.8804118039657484,0.45894466570451475,1,0.6238095238095238,534,2454,TRUE,FALSE,7,7
2020-04-15,0.665006184342219,0.8682893117591245,0.46172305692531357,1,0.6333333333333333,483,2912,TRUE,FALSE,7,7
2020-04-16,0.6660471688986409,0.8583019815069258,0.473792356290356,1,0.6428571428571428,478,1912,TRUE,FALSE,7,7
2020-04-17,0.6705990592954367,0.8584726465829774,0.48272547200789606,1,0.6523809523809523,421,1650,TRUE,FALSE,7,7
2020-04-18,0.6761287248218361,0.8672942705851799,0.4849631790584922,1,0.6619047619047619,368,1698,TRUE,FALSE,7,7
2020-04-19,0.6836205388574995,0.8813732211113163,0.4858678566036827,1,0.6714285714285714,367,802,TRUE,FALSE,7,7
2020-04-20,0.6903563011193362,0.8943119769366306,0.48640062530204187,1,0.6809523809523809,335,477,TRUE,FALSE,7,7
2020-04-21,0.6920659019285249,0.8994490605254019,0.48468274333164796,1,0.6904761904761905,320,941,TRUE,FALSE,7,7
2020-04-22,0.6877682637252355,0.8973045649829928,0.4782319624674781,1,0.7,291,843,TRUE,FALSE,7,7
2020-04-23,0.6801954221515535,0.8910007886138677,0.4693900556892393,1,0.7,289,707,TRUE,FALSE,7,7
2020-04-24,0.6721149894577305,0.879564310824582,0.46466566809087906,1,0.7,247,740,TRUE,FALSE,7,7
2020-04-25,0.6635132052292712,0.8630356491784725,0.46399076128006983,1,0.7,240,1136,TRUE,FALSE,7,7
2020-04-26,0.6548746053340346,0.8463266031518322,0.4634226075162371,1,0.7,256,536,TRUE,FALSE,7,7
2020-04-27,0.6497194438912581,0.8348408026616271,0.4645980851208892,1,0.7,203,177,TRUE,FALSE,7,7
2020-04-28,0.6528181699082074,0.8335711551821591,0.47206518463425573,1,0.7,234,856,TRUE,FALSE,7,7
2020-04-29,0.6657742873902737,0.844682661559425,0.4868659132211224,1,0.7,166,498,TRUE,FALSE,7,7
2020-04-30,0.6861047679739191,0.8649633689460728,0.5072461670017653,1,0.7,154,352,TRUE,FALSE,7,7
2020-05-01,0.7103594339713861,0.889376044455118,0.5313428234876543,1,0.7,179,399,TRUE,FALSE,7,7
2020-05-02,0.7361569625989224,0.9138893861890043,0.5584245390088405,1,0.7363636363636363,138,464,TRUE,FALSE,7,7
2020-05-03,0.7608719323959978,0.9345702285230266,0.587173636268969,1,0.7727272727272727,159,232,TRUE,FALSE,7,7
2020-05-04,0.7824621859311365,0.9506097056458132,0.6143146662164598,1,0.8090909090909091,142,121,TRUE,FALSE,7,7
2020-05-05,0.8033673427024496,0.9680110305994332,0.638723654805466,1,0.8454545454545455,160,423,TRUE,FALSE,7,7
2020-05-06,0.8298120636755968,0.9976873236146933,0.6619368037365003,1,0.8818181818181818,129,350,TRUE,FALSE,7,7
2020-05-07,0.8637347038342261,1.0461939995266354,0.6812754081418169,1,0.9181818181818182,136,238,TRUE,FALSE,7,7
2020-05-08,0.8983863430348716,1.1040552127760286,0.6927174732937147,1,0.9545454545454546,152,286,TRUE,FALSE,7,7
2020-05-09,0.9249094033511583,1.1526023893103312,0.6972164173919854,1,0.990909090909091,161,157,TRUE,FALSE,7,7
2020-05-10,0.9417720890534759,1.1832142365356457,0.700329941571306,1,1.0272727272727273,145,172,TRUE,FALSE,7,7
2020-05-11,0.952300744125734,1.197145266857453,0.7074562213940151,1,1.0636363636363637,149,108,TRUE,FALSE,7,7
2020-05-12,0.9607488313186372,1.201364397847642,0.7201332647896322,1,1.1,144,166,TRUE,FALSE,7,7
2020-05-13,0.9693221047058396,1.2034752723947926,0.7351689370168866,1,1.1,161,140,TRUE,FALSE,7,7
2020-05-14,0.9806509388492243,1.2097668490602305,0.7515350286382181,1,1.1,162,312,TRUE,FALSE,7,7
2020-05-15,0.995935785368017,1.223043284597946,0.7688282861380878,1,1.1,165,193,TRUE,FALSE,7,7
2020-05-16,1.0139573520580478,1.241768544951802,0.7861461591642939,1,1.1,152,243,TRUE,TRUE,7,7
2020-05-17,1.0324966441248487,1.2617439379211335,0.8032493503285638,1,1.1,182,85,TRUE,TRUE,7,7
2020-05-18,1.051469043978827,1.2851641898629702,0.8177738980946838,1,1.1,173,58,TRUE,TRUE,7,7
2020-05-19,1.0727006286800056,1.3167672326949027,0.8286340246651085,1,1.1,174,220,TRUE,TRUE,7,7
2020-05-20,1.0965008398727203,1.3546493911707687,0.8383522885746719,1,1.1,157,154,TRUE,TRUE,7,7
2020-05-21,1.1188034128735032,1.38777078285526,0.8498360428917464,1,1.1,175,169,TRUE,TRUE,7,7
2020-05-22,1.134249838313366,1.402829984843266,0.8656696917834659,1,1.1,175,112,TRUE,TRUE,7,7
2020-05-23,1.1411019198466394,1.396686956461666,0.8855168832316129,1,1.1,191,256,TRUE,TRUE,7,7
2020-05-24,1.1433703842935696,1.381806846831886,0.9049339217552532,1,1.1,188,99,TRUE,TRUE,7,7
2020-05-25,1.1464285581318694,1.3702893938816691,0.9225677223820696,1,1.1,188,80,TRUE,TRUE,7,7
2020-05-26,1.1524416663827404,1.3666389053590844,0.9382444274063964,1,1.1,211,210,TRUE,TRUE,7,7
2020-05-27,1.158621631526851,1.3696400509765065,0.9476032120771953,1,1.1,186,123,TRUE,TRUE,7,7
2020-05-28,1.1602605437022115,1.3718617812646217,0.9486593061398014,1,1.1,187,235,TRUE,TRUE,7,7
2020-05-29,1.154213502348163,1.3672291965063204,0.9411978081900056,1,1.1,220,206,TRUE,TRUE,7,7
2020-05-30,1.1399085783585026,1.3541009937001305,0.9257161630168746,1,1.1,185,152,TRUE,TRUE,7,7
2020-05-31,1.119849702693685,1.332178437889675,0.9075209674976948,1,1.1,224,127,TRUE,TRUE,7,7
2020-06-01,1.0986802575385262,1.3046340831682177,0.8927264319088345,1,1.1,225,95,TRUE,TRUE,7,7
2020-06-02,1.0827285647183813,1.2816265486795695,0.883830580757193,1,1.1,251,235,TRUE,TRUE,7,7
2020-06-03,1.0746269757512135,1.2710797120680124,0.8781742394344144,1,1.1,227,277,TRUE,TRUE,7,7
2020-06-04,1.0709250241075536,1.2720450225640223,0.869805025651085,1,1.1,231,256,TRUE,TRUE,7,7
2020-06-05,1.067197351390075,1.2766825263865154,0.8577121763936346,1,1.1,249,157,TRUE,TRUE,7,7
2020-06-06,1.0640852486943073,1.2780768079925364,0.8500936893960783,1,1.1,218,223,TRUE,TRUE,7,7
2020-06-07,1.0655719570726914,1.277904589489964,0.8532393246554186,1,1.1,268,139,TRUE,TRUE,7,7
2020-06-08,1.0739532139436894,1.282649724688589,0.8652567031987897,1,1.1,252,107,TRUE,TRUE,7,7
2020-06-09,1.087856007831851,1.2935451446665824,0.8821668709971198,1,1.1,273,411,TRUE,TRUE,7,7
2020-06-10,1.1059342382503277,1.3106037203600869,0.9012647561405684,1,1.1,293,204,TRUE,TRUE,7,7
2020-06-11,1.1226927296076292,1.3281277376837164,0.9172577215315421,1,1.1,270,275,TRUE,TRUE,7,7
2020-06-12,1.1308126002098673,1.3327398162832482,0.9288853841364865,1,1.1,280,275,TRUE,TRUE,7,7
2020-06-13,1.1272927969910156,1.3193333210065985,0.9352522729754328,1,1.1,277,231,TRUE,TRUE,7,7
2020-06-14,1.1208353564405016,1.305377599164398,0.9362931137166051,1,1.1,292,183,TRUE,TRUE,7,7
2020-06-15,1.1228094861091658,1.3094684671285843,0.9361505050897472,1,1.1,304,153,TRUE,TRUE,7,7
2020-06-16,1.1349690550062839,1.3316943930561973,0.9382437169563704,1,1.1,347,281,TRUE,TRUE,7,7
2020-06-17,1.1497728689399738,1.3593923314167755,0.9401534064631721,1,1.1,323,233,TRUE,TRUE,7,7
2020-06-18,1.15989804565422,1.3780223905664428,0.9417737007419973,1,1.1,303,377,TRUE,TRUE,7,7
2020-06-19,1.1633180465497268,1.3821216118788027,0.944514481220651,1,1.1,344,255,TRUE,TRUE,7,7
2020-06-20,1.1575844523992098,1.375020855921693,0.9401480488767265,1,1.1,330,236,TRUE,TRUE,7,7
2020-06-21,1.141296296068047,1.3601334608358309,0.9224591313002634,1,1.1,342,223,TRUE,TRUE,7,7
2020-06-22,1.120102295072003,1.3411605148200434,0.8990440753239627,1,1.1,373,184,TRUE,TRUE,7,7
2020-06-23,1.1039640704794726,1.3258730297384371,0.8820551112205081,1,1.1,353,488,TRUE,TRUE,7,7
2020-06-24,1.095614336211606,1.3152707763631313,0.8759578960600807,1,1.1,376,367,TRUE,TRUE,7,7
2020-06-25,1.0873945504802471,1.2997155769418716,0.8750735240186227,1,1.1,361,395,TRUE,TRUE,7,7
2020-06-26,1.073081519436393,1.2763006619405337,0.8698623769322522,1,1.1,358,311,TRUE,TRUE,7,7
2020-06-27,1.0557731023498504,1.2535019003727086,0.8580443043269923,1,1.1,387,267,TRUE,TRUE,7,7
2020-06-28,1.0407011911597508,1.238550816234051,0.8428515660854504,1,1.1,400,176,TRUE,TRUE,7,7
2020-06-29,1.0346693371179767,1.2362452827524764,0.8330933914834769,1,1.1,420,171,TRUE,TRUE,7,7
2020-06-30,1.0438883853131349,1.2487463670384003,0.8390304035878695,1,1.1,398,507,TRUE,TRUE,7,7
2020-07-01,1.0726357520945782,1.2805589633136465,0.8647125408755099,1,1.1,422,372,TRUE,TRUE,7,7
2020-07-02,1.1114919313723721,1.3252435606731936,0.8977403020715506,1,1.1,408,568,TRUE,TRUE,7,7
2020-07-03,1.1441567523384586,1.363967841419453,0.9243456632574641,1,1.1,443,536,TRUE,TRUE,7,7
2020-07-04,1.1639173156156093,1.3872969653813512,0.9405376658498674,1,1.1,431,460,TRUE,TRUE,7,7
2020-07-05,1.174366846069431,1.3984223494572,0.9503113426816621,1,1.1,447,174,TRUE,TRUE,7,7
2020-07-06,1.1796264387937379,1.3991477620116946,0.960105115575781,1,1.1,462,220,TRUE,TRUE,7,7
2020-07-07,1.1793555562500078,1.3893595502110985,0.9693515622889172,1,1.1,479,464,TRUE,TRUE,7,7
2020-07-08,1.1753555212295603,1.377702710349926,0.9730083321091946,1,1.1,460,440,TRUE,TRUE,7,7
2020-07-09,1.1698300353587172,1.368534581068248,0.9711254896491864,1,1.1,506,504,TRUE,TRUE,7,7
2020-07-10,1.1585119122610674,1.3548270028932707,0.9621968216288642,1,1.1,547,438,TRUE,TRUE,7,7
2020-07-11,1.1387026799244642,1.334722420413164,0.9426829394357644,1,1.1095238095238096,541,319,TRUE,TRUE,7,7
2020-07-12,1.1167086265736479,1.3155160049555517,0.9179012481917441,1,1.119047619047619,583,251,TRUE,TRUE,7,7
2020-07-13,1.1032313551335,1.3088993658152506,0.8975633444517495,1,1.1285714285714286,568,251,TRUE,TRUE,7,7
2020-07-14,1.1030895062898958,1.3205650646586746,0.885613947921117,1,1.1380952380952383,579,690,TRUE,TRUE,7,7
2020-07-15,1.1131084812366008,1.3422395142323782,0.8839774482408235,1,1.1476190476190478,586,526,TRUE,TRUE,7,7
2020-07-16,1.1305239454095681,1.3659480701794284,0.8950998206397078,1,1.1571428571428573,641,849,TRUE,TRUE,7,7
2020-07-17,1.1505371099431594,1.386369156708871,0.9147050631774479,1,1.1666666666666667,628,858,TRUE,TRUE,7,7
2020-07-18,1.1671888179592327,1.39644588772883,0.9379317481896354,1,1.1761904761904762,645,466,TRUE,TRUE,7,7
2020-07-19,1.1769309116722235,1.3926709407159694,0.9611908826284776,1,1.1857142857142857,705,278,TRUE,TRUE,7,7
2020-07-20,1.1839313511211385,1.3848782348704656,0.9829844673718113,1,1.1952380952380952,720,263,TRUE,TRUE,7,7
2020-07-21,1.194044200560969,1.3844501041676793,1.0036382969542588,1,1.204761904761905,760,742,TRUE,TRUE,7,7
2020-07-22,1.2065824836018995,1.3952195111312558,1.0179454560725432,1,1.2142857142857144,771,653,TRUE,TRUE,7,7
2020-07-23,1.2179139678315267,1.4147789204116359,1.0210490152514176,1,1.223809523809524,820,567,TRUE,TRUE,7,7
2020-07-24,1.2248676521752364,1.4354798612007005,1.0142554431497723,1,1.2333333333333334,891,769,TRUE,TRUE,7,7
2020-07-25,1.2277171601035024,1.4506132363127446,1.0048210838942602,1,1.2428571428571429,891,650,TRUE,TRUE,7,7
2020-07-26,1.22984819915092,1.4573958789464727,1.0023005193553673,1,1.2523809523809524,935,373,TRUE,TRUE,7,7
2020-07-27,1.2356948364298854,1.4631240081620436,1.0082656646977273,1,1.2619047619047619,1022,397,TRUE,TRUE,7,7
2020-07-28,1.2460917617927807,1.47545441264821,1.0167291109373513,1,1.2714285714285714,1080,1274,TRUE,TRUE,7,7
2020-07-29,1.2559009407406738,1.4862037720550245,1.0255981094263231,1,1.280952380952381,1114,795,TRUE,TRUE,7,7
2020-07-30,1.2611911395606663,1.4906654481393589,1.0317168309819738,1,1.2904761904761906,1251,985,TRUE,TRUE,7,7
2020-07-31,1.2628237886772602,1.497495365031675,1.0281522123228455,1,1.3,1294,717,TRUE,TRUE,7,7
2020-08-01,1.2634978422597636,1.5072903175522245,1.0197053669673026,1,1.3,1337,982,TRUE,TRUE,7,7
2020-08-02,1.2631156784533246,1.514682173356002,1.0115491835506472,1,1.3,1484,851,TRUE,TRUE,7,7
2020-08-03,1.2635487007041366,1.5213647150021037,1.0057326864061695,1,1.3,1495,374,TRUE,TRUE,7,7
2020-08-04,1.2682280871216185,1.526723725680584,1.009732448562653,1,1.3,1571,1174,TRUE,TRUE,7,7
2020-08-05,1.2774985189535546,1.530281241127815,1.0247157967792941,1,1.3,1740,1095,TRUE,TRUE,7,7
2020-08-06,1.2845429027887243,1.5326022450638122,1.0364835605136364,1,1.3,1805,985,TRUE,TRUE,7,7
2020-08-07,1.283115592262144,1.5297256273019462,1.0365055572223418,1,1.3,1886,1353,TRUE,TRUE,7,7
2020-08-08,1.2753005553902228,1.5245799215677713,1.0260211892126743,1,1.3,2013,1493,TRUE,TRUE,7,7
2020-08-09,1.2689514378745577,1.528485007485127,1.0094178682639883,1,1.3,2104,1015,TRUE,TRUE,7,7
2020-08-10,1.2689763307164164,1.5415585028329852,0.9963941585998476,1,1.280952380952381,2287,589,TRUE,TRUE,7,7
2020-08-11,1.2747555612368453,1.5558887919257867,0.9936223305479038,1,1.2619047619047619,2392,2266,TRUE,TRUE,7,7
2020-08-12,1.2816945291458886,1.564502505697833,0.9988865525939441,1,1.2428571428571429,2407,1971,TRUE,TRUE,7,7
2020-08-13,1.284874520248049,1.5609978939155278,1.00875114658057,1,1.223809523809524,2458,1193,TRUE,TRUE,7,7
2020-08-14,1.2803996974933523,1.5440716185980135,1.016727776388691,1,1.2047619047619047,2602,1429,TRUE,TRUE,7,7
2020-08-15,1.264933859986481,1.519874216377567,1.009993503595395,1,1.1857142857142857,2715,2054,TRUE,TRUE,7,7
2020-08-16,1.238604428783273,1.4903984104516759,0.98681044711487,1,1.1666666666666667,2796,1111,TRUE,TRUE,7,7
2020-08-17,1.2062986997105465,1.4553025805026265,0.9572948189184664,1,1.1476190476190475,2917,993,TRUE,TRUE,7,7
2020-08-18,1.1753835312822316,1.4211929788492859,0.9295740837151774,1,1.1285714285714286,2924,3117,TRUE,TRUE,7,7
2020-08-19,1.1486129377211507,1.391247609291052,0.9059782661512494,1,1.1095238095238096,2964,2374,TRUE,TRUE,7,7
2020-08-20,1.122604028584827,1.3617866005974015,0.8834214565722526,1,1.0904761904761906,2930,2455,TRUE,TRUE,7,7
2020-08-21,1.0934666107619484,1.331298777075125,0.8556344444487717,1,1.0714285714285714,2964,2595,TRUE,TRUE,7,7
2020-08-22,1.0617699614214913,1.2987023154459463,0.8248376073970364,1,1.0523809523809524,3006,2692,TRUE,TRUE,7,7
2020-08-23,1.0300154268852841,1.2607351714477382,0.7992956823228301,1,1.0333333333333332,2961,1479,TRUE,TRUE,7,7
2020-08-24,1.0017455454990523,1.2216611823970098,0.7818299086010946,1,1.0142857142857142,2951,1412,TRUE,TRUE,7,7
2020-08-25,0.9797439583154917,1.1905845131189432,0.7689034035120401,1,0.9952380952380953,2901,4753,TRUE,FALSE,7,7
2020-08-26,0.9657008458928237,1.1716426169315903,0.759759074854057,1,0.9761904761904763,2984,2565,TRUE,FALSE,7,7
2020-08-27,0.957621742047183,1.1625472796179983,0.7526962044763675,1,0.9571428571428572,2894,2576,TRUE,FALSE,7,7
2020-08-28,0.9513341621303978,1.1587841254610876,0.7438841987997079,1,0.9380952380952381,2766,4358,TRUE,FALSE,7,7
2020-08-29,0.9442007581538872,1.1542299556616467,0.7341715606461277,1,0.9190476190476191,2670,3601,TRUE,FALSE,7,7
2020-08-30,0.9357314512082213,1.1438700898677059,0.7275928125487369,1,0.9,2614,2400,TRUE,FALSE,7,7
2020-08-31,0.9267333130601642,1.128238191514346,0.7252284346059823,1,0.9,2641,1677,TRUE,FALSE,7,7
2020-09-01,0.9183764273055968,1.1116492832769487,0.7251035713342449,1,0.9,2478,3187,TRUE,FALSE,7,7
2020-09-02,0.9117584182315518,1.098442923122464,0.7250739133406396,1,0.9,2493,3536,TRUE,FALSE,7,7
2020-09-03,0.9063289472801039,1.0877747996960978,0.7248830948641101,1,0.9,2333,3625,TRUE,FALSE,7,7
2020-09-04,0.8993809928903252,1.0744930301187536,0.7242689556618969,1,0.9,2375,3015,TRUE,FALSE,7,7
2020-09-05,0.8917478834012894,1.0608140909727908,0.722681675829788,1,0.9,2403,3377,TRUE,FALSE,7,7
2020-09-06,0.8891222566708947,1.0558782214288582,0.7223662919129312,1,0.9,2294,1597,TRUE,FALSE,7,7
2020-09-07,0.896634342086804,1.064763916527647,0.728504767645961,1,0.9,2177,1286,TRUE,FALSE,7,7
2020-09-08,0.9128723818670866,1.0849122884236673,0.7408324753105061,1,0.9,2183,4792,TRUE,FALSE,7,7
2020-09-09,0.9323751626705388,1.1091861852885843,0.7555641400524933,1,0.9,2155,2901,TRUE,FALSE,7,7
2020-09-10,0.9530547916521499,1.1315882837482818,0.774521299556018,1,0.9,2034,2660,TRUE,FALSE,7,7
2020-09-11,0.9713137581822668,1.1469568662727545,0.7956706500917792,1,0.9,2040,3629,TRUE,FALSE,7,7
2020-09-12,0.9810980924288167,1.1525398370988937,0.8096563477587398,1,0.9,2066,2811,TRUE,FALSE,7,7
2020-09-13,0.9798564254905799,1.1493216082863151,0.8103912426948446,1,0.9,1953,1489,TRUE,FALSE,7,7
2020-09-14,0.9730630861707794,1.1442416018804873,0.8018845704610714,1,0.9,1996,1229,TRUE,FALSE,7,7
2020-09-15,0.9657745816464474,1.1429578114465042,0.7885913518463906,1,0.9,1936,4268,TRUE,FALSE,7,7
2020-09-16,0.9534692516189319,1.13729839001936,0.7696401132185037,1,0.9,1833,2539,TRUE,FALSE,7,7
2020-09-17,0.9301908440130552,1.1166511294644001,0.7437305585617102,1,0.9,1820,2022,TRUE,FALSE,7,7
2020-09-18,0.8972806760146209,1.083625206653245,0.7109361453759968,1,0.9,1743,2165,TRUE,FALSE,7,7
2020-09-19,0.8592514979726745,1.0457054908221344,0.6727975051232147,1,0.9,1782,1797,TRUE,FALSE,7,7
2020-09-20,0.8198824153728207,1.0066755291965066,0.6330893015491348,1,0.9,1684,1146,TRUE,FALSE,7,7
2020-09-21,0.7823077719663746,0.9690931868549091,0.5955223570778401,1,0.9,1693,1263,TRUE,FALSE,7,7
2020-09-22,0.7529731676283579,0.9384548275212337,0.5674915077354821,1,0.9,1628,5947,TRUE,FALSE,7,7
2020-09-23,0.7373327649935257,0.9195141801430884,0.5551513498439631,1,0.9,1582,2680,TRUE,FALSE,7,7
2020-09-24,0.7357134378944008,0.9152085535010025,0.5562183222877991,1,0.9,1489,1532,TRUE,FALSE,7,7
2020-09-25,0.7456198760834989,0.9270286122106701,0.5642111399563277,1,0.9,1497,2457,TRUE,FALSE,7,7
2020-09-26,0.7656288906665424,0.9550459390236201,0.5762118423094647,1,0.9,1473,2475,TRUE,FALSE,7,7
2020-09-27,0.7972423113897504,0.9979074032984047,0.5965772194810962,1,0.9,1365,1918,TRUE,FALSE,7,7
2020-09-28,0.8412562776745525,1.0512039499383925,0.6313086054107124,1,0.9,1309,775,TRUE,FALSE,7,7
2020-09-29,0.8919389959151939,1.105993765666864,0.6778842261635238,1,0.9,1339,2384,TRUE,FALSE,7,7
2020-09-30,0.9395753349764456,1.1527132225268706,0.7264374474260208,1,0.9,1360,1577,TRUE,FALSE,7,7
2020-10-01,0.9791160947267746,1.1864626454469462,0.771769544006603,1,0.9,1241,1612,TRUE,FALSE,7,7
2020-10-02,1.0099002608294474,1.2083293020479628,0.8114712196109319,1,0.9,1267,2045,TRUE,TRUE,7,7
2020-10-03,1.0307933855166522,1.2211944366024987,0.8403923344308057,1,0.9,1207,1405,TRUE,TRUE,7,7
2020-10-04,1.039686048094568,1.2272240074450615,0.8521480887440743,1,0.9,1231,1251,TRUE,TRUE,7,7
2020-10-05,1.0408389166560785,1.2371265284336825,0.8445513048784746,1,0.9,1213,758,TRUE,TRUE,7,7
2020-10-06,1.0411162013816808,1.2575867589261431,0.8246456438372185,1,0.9,1160,1836,TRUE,TRUE,7,7
2020-10-07,1.0393662911243515,1.2760878945381589,0.8026446877105442,1,0.9,1123,1382,TRUE,TRUE,7,7
2020-10-08,1.0270713414130208,1.2748809738562925,0.7792617089697492,1,0.9,1103,966,TRUE,TRUE,7,7
2020-10-09,1.000056627239667,1.2479789392204355,0.7521343152588983,1,0.9095238095238095,1088,1549,TRUE,TRUE,7,7
2020-10-10,0.9637659655079694,1.2007898239260126,0.7267421070899263,1,0.9190476190476191,1077,1308,TRUE,FALSE,7,7
2020-10-11,0.9282310086907614,1.1500259381894602,0.7064360791920626,1,0.9285714285714286,993,1043,TRUE,FALSE,7,7
2020-10-12,0.8997716828952648,1.1130906259913858,0.6864527397991438,1,0.9380952380952381,1037,800,TRUE,FALSE,7,7
2020-10-13,0.8815025490223359,1.0968331522262964,0.6661719458183754,1,0.9476190476190477,1056,2162,TRUE,FALSE,7,7
2020-10-14,0.8747712622819782,1.0966497528543646,0.6528927717095917,1,0.9571428571428572,1060,2469,TRUE,FALSE,7,7
2020-10-15,0.8781216385547205,1.1037222410806329,0.6525210360288081,1,0.9666666666666667,997,1432,TRUE,FALSE,7,7
2020-10-16,0.8851845159957387,1.1064887771516299,0.6638802548398476,1,0.9761904761904763,1047,895,TRUE,FALSE,7,7
2020-10-17,0.889499196596474,1.0997668530138025,0.6792315401791454,1,0.9857142857142858,1097,1169,TRUE,FALSE,7,7
2020-10-18,0.8919060855074213,1.0895530032552552,0.6942591677595875,1,0.9952380952380953,1056,644,TRUE,FALSE,7,7
2020-10-19,0.8997864115297614,1.0866628121843283,0.7129100108751946,1,1.0047619047619047,1001,691,TRUE,FALSE,7,7
2020-10-20,0.9185514503362171,1.0997082072201663,0.7373946934522679,1,1.0142857142857142,1031,1791,TRUE,FALSE,7,7
2020-10-21,0.9453535483258817,1.1280498956764857,0.7626572009752777,1,1.023809523809524,1100,2206,TRUE,FALSE,7,7
2020-10-22,0.9745109595428917,1.1665641489016931,0.7824577701840902,1,1.0333333333333334,1066,946,TRUE,FALSE,7,7
2020-10-23,1.0009076671813602,1.2100517997143692,0.7917635346483511,1,1.042857142857143,1027,1728,TRUE,TRUE,7,7
2020-10-24,1.0231307344355598,1.250837068518187,0.7954244003529325,1,1.0523809523809524,1049,733,TRUE,TRUE,7,7
2020-10-25,1.0420332040069207,1.279154549639376,0.8049118583744655,1,1.061904761904762,1062,504,TRUE,TRUE,7,7
2020-10-26,1.0653344277913293,1.2995441412167836,0.8311247143658749,1,1.0714285714285716,1158,621,TRUE,TRUE,7,7
2020-10-27,1.0978381247480558,1.3221160711348336,0.8735601783612779,1,1.080952380952381,1177,1769,TRUE,TRUE,7,7
2020-10-28,1.1350775476457653,1.3517870769460405,0.9183680183454902,1,1.0904761904761906,1163,1086,TRUE,TRUE,7,7
2020-10-29,1.1672210633489997,1.3834862208253944,0.950955905872605,1,1.1,1220,1181,TRUE,TRUE,7,7
2020-10-30,1.1882101110642032,1.4100868815730634,0.9663333405553429,1,1.1,1248,1013,TRUE,TRUE,7,7
2020-10-31,1.1975520584356807,1.4258167231309424,0.969287393740419,1,1.1,1238,1129,TRUE,TRUE,7,7
2020-11-01,1.1955779373013788,1.4255334010767218,0.965622473526036,1,1.1,1225,810,TRUE,TRUE,7,7
2020-11-02,1.1872677026668443,1.4127293565740726,0.9618060487596162,1,1.1,1286,531,TRUE,TRUE,7,7
2020-11-03,1.1786603441908836,1.3986905013657764,0.9586301870159907,1,1.1,1329,1626,TRUE,TRUE,7,7
2020-11-04,1.1694824843962197,1.3858882235693564,0.9530767452230832,1,1.1,1273,1871,TRUE,TRUE,7,7
2020-11-05,1.152894043479362,1.3645661141406995,0.9412219728180243,1,1.1,1433,999,TRUE,TRUE,7,7
2020-11-06,1.1258097972935406,1.3285741731311087,0.9230454214559725,1,1.1,1404,1160,TRUE,TRUE,7,7
2020-11-07,1.0932909037461236,1.283434022958091,0.9031477845341561,1,1.1,1348,1221,TRUE,TRUE,7,7
2020-11-08,1.0609545846527497,1.2397648788512114,0.882144290454288,1,1.1,1500,656,TRUE,TRUE,7,7
2020-11-09,1.03554346431313,1.2121252374950218,0.8589616911312382,1,1.1,1485,819,TRUE,TRUE,7,7
2020-11-10,1.0230001975331622,1.2081990154805944,0.83780137958573,1,1.1,1520,1701,TRUE,TRUE,7,7
2020-11-11,1.0265050224278618,1.2271020590055117,0.8259079858502119,1,1.1,1573,1876,TRUE,TRUE,7,7
2020-11-12,1.0397602868643956,1.2565976169570492,0.8229229567717419,1,1.1,1621,1928,TRUE,TRUE,7,7
2020-11-13,1.0531087896650329,1.2797685537044976,0.8264490256255681,1,1.1,1649,2196,TRUE,TRUE,7,7
2020-11-14,1.0640330846618262,1.2929075178681984,0.8351586514554541,1,1.1,1602,1335,TRUE,TRUE,7,7
2020-11-15,1.076978562114071,1.305992897460653,0.8479642267674892,1,1.1,1738,1195,TRUE,TRUE,7,7
2020-11-16,1.095814247008151,1.3247071833007085,0.8669213107155938,1,1.1,1796,566,TRUE,TRUE,7,7
2020-11-17,1.1201633464428402,1.3457790762281436,0.8945476166575368,1,1.1,1791,2496,TRUE,TRUE,7,7
2020-11-18,1.1450116614079144,1.364567002299177,0.9254563205166519,1,1.0857142857142859,1838,2002,TRUE,TRUE,7,7
2020-11-19,1.162844104712331,1.3769922598749114,0.9486959495497507,1,1.0714285714285716,1881,1752,TRUE,TRUE,7,7
2020-11-20,1.165864883549491,1.3797158505655074,0.9520139165334746,1,1.0571428571428572,1857,1569,TRUE,TRUE,7,7
2020-11-21,1.1506424858664501,1.374465537807182,0.9268194339257183,1,1.042857142857143,1873,1314,TRUE,TRUE,7,7
2020-11-22,1.1215484788264962,1.3629339762990673,0.8801629813539252,1,1.0285714285714287,1944,747,TRUE,TRUE,7,7
2020-11-23,1.0874820969296728,1.341389642285375,0.8335745515739705,1,1.0142857142857145,1888,952,TRUE,TRUE,7,7
2020-11-24,1.0595693633784213,1.312633758776427,0.8065049679804157,1,1,1858,3136,TRUE,TRUE,7,7
2020-11-25,1.0428739297460057,1.2826289778738678,0.8031188816181436,1,0.9857142857142858,1846,1535,TRUE,TRUE,7,7
2020-11-26,1.0337181316941928,1.252115877611538,0.8153203857768477,1,0.9714285714285715,1855,2459,TRUE,TRUE,7,7
2020-11-27,1.0195040954671828,1.219532801968332,0.8194753889660336,1,0.9571428571428572,1802,2507,TRUE,TRUE,7,7
2020-11-28,0.9909403825703021,1.1874033355883773,0.7944774295522271,1,0.942857142857143,1720,2324,TRUE,FALSE,7,7
2020-11-29,0.9494402445466199,1.1551791948880628,0.743701294205177,1,0.9285714285714286,1607,914,TRUE,FALSE,7,7
2020-11-30,0.9048576245307651,1.121211064954493,0.6885041841070372,1,0.9142857142857144,1682,724,TRUE,FALSE,7,7
2020-12-01,0.8643850138001887,1.0855251339274594,0.6432448936729179,1,0.9000000000000001,1541,3061,TRUE,FALSE,7,7
2020-12-02,0.8288533137627684,1.0445430535517644,0.6131635739737723,1,0.8857142857142858,1521,2821,TRUE,FALSE,7,7
2020-12-03,0.7988111949581814,0.9995816659404902,0.5980407239758726,1,0.8714285714285714,1439,2612,TRUE,FALSE,7,7
2020-12-04,0.7753645809675664,0.958163414219785,0.5925657477153479,1,0.8571428571428572,1422,2371,TRUE,FALSE,7,7
2020-12-05,0.7543427133108751,0.9208642674989476,0.5878211591228026,1,0.842857142857143,1325,2238,TRUE,FALSE,7,7
2020-12-06,0.7283603920663155,0.882409670543631,0.5743111135890001,1,0.8285714285714286,1276,1301,TRUE,FALSE,7,7
2020-12-07,0.6971525183789239,0.847316057787917,0.5469889789699308,1,0.8142857142857143,1240,633,TRUE,FALSE,7,7
2020-12-08,0.6717163216587828,0.8294641397206113,0.5139685035969543,1,0.8,1119,1987,TRUE,FALSE,7,7
2020-12-09,0.6642183580087706,0.8376945739402262,0.49074214207731504,1,0.8,1087,2106,TRUE,FALSE,7,7
2020-12-10,0.6766598759222021,0.8700510431642707,0.48326870868013355,1,0.8,1037,3294,TRUE,FALSE,7,7
2020-12-11,0.7056127013225455,0.9167580889703459,0.49446731367474506,1,0.8,1073,3449,TRUE,FALSE,7,7
2020-12-12,0.74549177991251,0.9655801450249099,0.5254034148001102,1,0.8,930,1396,TRUE,FALSE,7,7
2020-12-13,0.7926923645744541,1.0133105967513558,0.5720741323975524,1,0.8,896,638,TRUE,FALSE,7,7
2020-12-14,0.8433229763377547,1.0592107671442026,0.6274351855313068,1,0.8,842,650,TRUE,FALSE,7,7
2020-12-15,0.8914711678618049,1.0990760748293653,0.6838662608942445,1,0.8,836,1256,TRUE,FALSE,7,7
2020-12-16,0.9300645976873552,1.1276011000305974,0.7325280953441128,1,0.8,771,1163,TRUE,FALSE,7,7
2020-12-17,0.9548620206619015,1.1423637973302518,0.7673602439935512,1,0.8,708,1111,TRUE,FALSE,7,7
2020-12-18,0.965322600007428,1.1433974690111035,0.7872477310037526,1,0.8,749,1765,TRUE,FALSE,7,7
2020-12-19,0.9611254319257464,1.1313484025466116,0.7909024613048811,1,0.8,655,1221,TRUE,FALSE,7,7
2020-12-20,0.9402559760583775,1.1051728202276123,0.7753391318891426,1,0.8,612,519,TRUE,FALSE,7,7
2020-12-21,0.9061298448084893,1.0696332585017587,0.74262643111522,1,0.8,582,413,TRUE,FALSE,7,7
2020-12-22,0.8676050387881981,1.0341965724403575,0.7010135051360387,1,0.8,607,1219,TRUE,FALSE,7,7
2020-12-23,0.8302411582298141,0.9994565574319535,0.6610257590276748,1,0.8,547,978,TRUE,FALSE,7,7
2020-12-24,0.794540672585396,0.961543922256522,0.62753742291427,1,0.8,543,1139,TRUE,FALSE,7,7
2020-12-25,0.7598530968608601,0.923919152001593,0.5957870417201272,1,0.8,485,906,TRUE,FALSE,7,7
2020-12-26,0.7281395408633252,0.8935372248396385,0.562741856887012,1,0.8,471,1218,TRUE,FALSE,7,7
2020-12-27,0.7015502631157762,0.8728796483289994,0.5302208779025529,1,0.8,447,611,TRUE,FALSE,7,7
2020-12-28,0.6815840185223435,0.8626312513949403,0.5005367856497467,1,0.8,444,434,TRUE,FALSE,7,7
2020-12-29,0.6721394568458384,0.8625817943319969,0.48169711935967996,1,0.8,384,1395,TRUE,FALSE,7,7
2020-12-30,0.6781038677815038,0.873656746853969,0.48255098870903856,1,0.8,412,1277,TRUE,FALSE,7,7
2020-12-31,0.7006335681683318,0.9006335220566862,0.5006336142799773,1,0.8,371,533,TRUE,FALSE,7,7
2021-01-01,0.7352620852024381,0.943926287621697,0.5265978827831792,1,0.8,366,672,TRUE,FALSE,7,7
2021-01-02,0.7723975516465816,0.9913859946924777,0.5534091086006856,1,0.8,364,672,TRUE,FALSE,7,7
2021-01-03,0.8047707377730744,1.028815030011024,0.5807264455351248,1,0.8,327,470,TRUE,FALSE,7,7
2021-01-04,0.8315463788954742,1.0494483736194504,0.613644384171498,1,0.8,333,330,TRUE,FALSE,7,7
2021-01-05,0.85591413764278,1.0569238623829458,0.6549044129026143,1,0.8,303,614,TRUE,FALSE,7,7
2021-01-06,0.8777707382328855,1.0585273632810712,0.6970141131846997,1,0.8,306,421,TRUE,FALSE,7,7
2021-01-07,0.8939025349321761,1.0605613681159947,0.7272437017483575,1,0.8076923076923077,304,790,TRUE,FALSE,7,7
2021-01-08,0.9030336201686581,1.0678461483413473,0.7382210919959689,1,0.8153846153846154,285,518,TRUE,FALSE,7,7
2021-01-09,0.9065779603690981,1.081010340156569,0.7321455805816273,1,0.8230769230769232,243,295,TRUE,FALSE,7,7
2021-01-10,0.9027196084632628,1.0908718879144341,0.7145673290120915,1,0.8307692307692308,271,330,TRUE,FALSE,7,7
2021-01-11,0.8901918762657208,1.0887806075041648,0.6916031450272767,1,0.8384615384615385,267,288,TRUE,FALSE,7,7
2021-01-12,0.8731274796805203,1.0770666783087293,0.6691882810523113,1,0.8461538461538461,261,375,TRUE,FALSE,7,7
2021-01-13,0.8590995504336302,1.0627893766872134,0.6554097241800471,1,0.8538461538461539,253,323,TRUE,FALSE,7,7
2021-01-14,0.8517798544058045,1.0501617631813158,0.6533979456302932,1,0.8615384615384616,255,345,TRUE,FALSE,7,7
2021-01-15,0.8490254449294288,1.0397978309739815,0.6582530588848761,1,0.8692307692307693,252,580,TRUE,FALSE,7,7
2021-01-16,0.8495549833490544,1.0313609703498627,0.6677489963482461,1,0.8769230769230769,238,549,TRUE,FALSE,7,7
2021-01-17,0.855468268126087,1.0278176769713978,0.6831188592807761,1,0.8846153846153847,245,213,TRUE,FALSE,7,7
2021-01-18,0.8699459147390278,1.0379849121550337,0.7019069173230219,1,0.8923076923076924,210,168,TRUE,FALSE,7,7
2021-01-19,0.8934605268360967,1.0662592138379239,0.7206618398342693,1,0.9,222,463,TRUE,FALSE,7,7
2021-01-20,0.9203548637041551,1.1018266894440223,0.7388830379642879,1,0.9076923076923077,219,234,TRUE,FALSE,7,7
2021-01-21,0.9424780298894342,1.127977985346447,0.7569780744324212,1,0.9153846153846155,211,350,TRUE,FALSE,7,7
2021-01-22,0.9551023304013654,1.1364257860636215,0.7737788747391092,1,0.9230769230769231,170,251,TRUE,FALSE,7,7
2021-01-23,0.9579842169588456,1.1309144158519557,0.7850540180657355,1,0.9307692307692308,232,327,TRUE,FALSE,7,7
2021-01-24,0.9527299348236064,1.119088123115798,0.7863717465314146,1,0.9384615384615385,213,167,TRUE,FALSE,7,7
2021-01-25,0.9411020743917804,1.1069522129839497,0.7752519357996112,1,0.9461538461538461,209,180,TRUE,FALSE,7,7
2021-01-26,0.9259550334668056,1.099069538801792,0.7528405281318195,1,0.9538461538461539,194,299,TRUE,FALSE,7,7
2021-01-27,0.9102095888877478,1.0968196612942156,0.72359951648128,1,0.9615384615384616,179,307,TRUE,FALSE,7,7
2021-01-28,0.8946198407982642,1.0976139585530595,0.6916257230434688,1,0.9692307692307692,226,249,TRUE,FALSE,7,7
2021-01-29,0.8788054043945323,1.0987583732847417,0.6588524355043229,1,0.976923076923077,200,270,TRUE,FALSE,7,7
2021-01-30,0.8628938454749089,1.099522190382808,0.6262655005670097,1,0.9846153846153847,223,354,TRUE,FALSE,7,7
